Datetime,J_mm,rain,PB_Q,PB_QC1,PB_QC2,PB_QC3,PET,ET
2014-10-01,0.254,1.0,0.665884824313,0.0,0.0,0.0,2.28513218978,1.6890138448
2014-10-02,0.0,0.0,0.647999488123,0.0,0.0,0.0,2.60276818323,1.92378870506
2014-10-03,3.302,1.0,0.680330672774,0.0,0.0,0.0,2.86022715128,2.11408481285
2014-10-04,2.794,1.0,0.758750992993,0.0,0.0,0.0,3.79693890907,2.80643825068
2014-10-05,0.0,0.0,0.628050459295,0.0,0.0,0.0,3.13458466465,2.31687117269
2014-10-06,0.0,0.0,0.623923074021,0.0,0.0,0.0,4.25193636108,3.14274133163
2014-10-07,6.858,1.0,0.696152316327,0.0,0.0,0.0,2.52919088752,1.86940538681
2014-10-08,0.0,1.0,0.654878463581,0.0,0.0,0.0,4.43472993365,3.27784987204
2014-10-09,0.0,0.0,0.602598250101,0.0,0.0,0.0,4.76501054618,3.52197077223
2014-10-10,0.0,1.0,0.594343479552,0.0,0.0,0.0,1.73102106582,1.27945269813
2014-10-11,11.43,1.0,0.873629883138,0.0,0.0,0.0,0.752670991494,0.556323056887
2014-10-12,0.0,0.0,0.60122245501,0.0,0.0,0.0,2.85909338128,2.11324680741
2014-10-13,1.27,1.0,0.609133214463,0.0,1.0,0.0,0.880804679252,0.651030738821
2014-10-14,0.0,1.0,0.705604907739,0.0,95.0,0.0,2.36588238742,1.74869888288
2014-10-15,26.924,1.0,1.92473733309,0.0,0.0,0.0,0.791582189338,0.585083560183
2014-10-16,0.0,1.0,0.718852935338,0.0,0.0,0.0,1.20353503963,0.88957100763
2014-10-17,0.254,1.0,0.628017382154,0.0,1.0,0.0,4.02923557411,2.97813610042
2014-10-18,0.0,0.0,0.774553076179,0.0,96.0,0.0,3.55859437215,2.63027022658
2014-10-19,0.0,0.0,0.784438893015,0.0,96.0,0.0,3.23793610518,2.39326150788
2014-10-20,0.254,1.0,0.785220351574,0.0,95.0,0.0,2.23930125127,1.6551387412
2014-10-21,14.224,1.0,0.834419723029,0.0,0.0,0.0,2.72768926767,2.01612184975
2014-10-22,22.606,1.0,1.69154006507,0.0,0.0,0.0,1.10984944271,0.820325004725
2014-10-23,0.0,1.0,0.801528067592,0.0,1.0,0.0,3.17208308617,2.34458744809
2014-10-24,0.0,0.0,0.840291226992,0.0,96.0,0.0,5.37965728658,3.97627571741
2014-10-25,0.0,0.0,0.8229742894,0.0,96.0,0.0,3.60017453338,2.66100344555
2014-10-26,0.0,0.0,0.812142593283,0.0,96.0,0.0,4.71344668024,3.48385827972
2014-10-27,0.0,0.0,0.80006391832,0.0,96.0,0.0,3.63042954408,2.68336588576
2014-10-28,0.0,0.0,0.789980603623,0.0,96.0,0.0,3.831234697,2.83178735779
2014-10-29,3.048,1.0,0.810389434177,0.0,95.0,1.0,1.78677303916,1.32066075396
2014-10-30,0.0,1.0,0.814704639626,0.0,0.0,96.0,1.9290975224,1.42585730395
2014-10-31,0.0,0.0,0.780370902465,0.0,0.0,96.0,1.99393758868,1.47378265817
2014-11-01,1.016,1.0,0.746037165304,0.0,0.0,96.0,1.56194656078,1.15448435666
2014-11-02,0.0,0.0,0.711703428142,0.0,0.0,96.0,3.15385484005,2.33111437191
2014-11-03,0.0,0.0,0.677369690981,0.0,0.0,95.0,3.48915022265,2.57894184808
2014-11-04,0.0,0.0,0.661757439038,0.0,0.0,0.0,4.43046092573,3.27469451258
2014-11-05,2.286,1.0,0.660381643947,0.0,0.0,0.0,2.1992729535,1.62555255383
2014-11-06,19.812,1.0,2.08020217843,0.0,0.0,0.0,0.162000202971,0.11973949993
2014-11-07,0.0,1.0,0.876319802412,0.0,1.0,0.0,2.19878702277,1.62519338699
2014-11-08,0.0,0.0,0.913127095601,0.0,96.0,0.0,1.70674314721,1.2615081167
2014-11-09,0.0,0.0,0.895170300064,0.0,96.0,0.0,1.92838057638,1.42532738636
2014-11-10,0.0,0.0,0.86913169928,0.0,96.0,0.0,1.60937657295,1.18954138643
2014-11-11,0.0,0.0,0.855959502205,0.0,96.0,0.0,1.42428051885,1.05273100872
2014-11-12,0.0,0.0,0.841089809316,0.0,96.0,0.0,2.30865667626,1.70640154059
2014-11-13,2.54,1.0,0.83490008388,0.0,96.0,0.0,0.946282757326,0.699427667845
2014-11-14,0.254,1.0,0.862243271972,0.0,96.0,0.0,1.22445641277,0.905034659603
2014-11-15,0.0,0.0,0.829296488013,0.0,95.0,0.0,1.55597398472,1.15006983582
2014-11-16,3.302,1.0,0.840610800941,0.0,0.0,0.0,0.710764775721,0.525348840629
2014-11-17,19.812,1.0,1.74519607364,0.0,0.0,0.0,0.731547461533,0.540709984385
2014-11-18,0.0,1.0,0.782827407095,0.0,0.0,0.0,1.55840441766,1.15186624607
2014-11-19,0.0,0.0,0.731235091162,0.0,0.0,0.0,1.32196864437,0.977109049841
2014-11-20,0.0,0.0,0.717604567007,0.0,1.0,0.0,2.18341216642,1.6138293419
2014-11-21,0.0,0.0,0.842387433726,0.0,96.0,0.0,1.50402934181,1.11167589895
2014-11-22,0.0,0.0,0.848624156047,0.0,96.0,0.0,1.29491550451,0.957113214169
2014-11-23,1.778,1.0,0.852406890687,0.0,95.0,0.0,1.33615293801,0.987593112187
2014-11-24,10.922,1.0,1.29599897625,0.0,0.0,0.0,1.58237255146,1.1695818557
2014-11-25,0.0,0.0,0.773196841454,0.0,0.0,0.0,1.84062253188,1.36046262588
2014-11-26,24.892,1.0,1.58010066265,0.0,0.0,0.0,0.412994552817,0.305257402899
2014-11-27,3.302,1.0,1.01946416284,0.0,0.0,0.0,0.68075924587,0.503170799654
2014-11-28,0.0,0.0,0.800712743285,0.0,0.0,0.0,0.918448334534,0.678854361115
2014-11-29,0.0,0.0,0.753935710173,0.0,0.0,0.0,0.983751472934,0.727121986664
2014-11-30,0.0,0.0,0.688585443324,0.0,0.0,0.0,1.27013522606,0.938797322613
2014-12-01,0.508,1.0,0.698216008965,0.0,0.0,0.0,1.92608190681,1.4236283666
2014-12-02,8.382,1.0,1.04354057695,0.0,0.0,0.0,0.520346141496,0.38460437475
2014-12-03,2.794,1.0,0.900457887423,0.0,0.0,0.0,0.544988681057,0.402818459115
2014-12-04,0.508,1.0,0.78695479237,0.0,0.0,0.0,0.812875804544,0.600822348096
2014-12-05,0.0,1.0,0.732610886253,0.0,0.0,0.0,0.477387316743,0.352852141733
2014-12-06,10.668,1.0,1.07999914687,0.0,0.0,0.0,0.152778003587,0.112923079195
2014-12-07,2.032,1.0,0.927285891709,0.0,0.0,0.0,1.05452594869,0.779433651581
2014-12-08,0.0,1.0,0.852992956765,0.0,0.0,0.0,0.613200011949,0.453235622185
2014-12-09,16.002,1.0,1.83462275459,0.0,0.0,0.0,0.352748006789,0.260727265519
2014-12-10,1.524,1.0,0.996763543832,0.0,0.0,0.0,1.05811392054,0.782085635636
2014-12-11,0.0,1.0,0.872941985592,0.0,0.0,0.0,0.746143112383,0.551498093917
2014-12-12,0.0,0.0,0.865375112589,0.0,0.0,0.0,0.995991455684,0.736168947018
2014-12-13,0.0,0.0,0.789706382553,0.0,0.0,0.0,0.649337837838,0.479946238105
2014-12-14,0.0,0.0,0.744305144532,0.0,0.0,0.0,0.400275519935,0.295856361363
2014-12-15,1.016,1.0,0.667260619405,0.0,0.0,0.0,0.563006317015,0.416135866624
2014-12-16,6.35,1.0,1.06555329841,0.0,0.0,0.0,0.10395284944,0.0768348556357
2014-12-17,1.778,1.0,0.796585358011,0.0,0.0,0.0,0.714300070358,0.527961889281
2014-12-18,0.0,1.0,0.788330587461,0.0,0.0,0.0,0.928446734799,0.686244496596
2014-12-19,0.0,0.0,0.788330587461,0.0,0.0,0.0,0.688140474882,0.508626500662
2014-12-20,0.0,0.0,0.789706382553,0.0,0.0,0.0,0.509748942327,0.376771647964
2014-12-21,0.0,0.0,0.76906945618,0.0,0.0,0.0,0.68572762595,0.506843087313
2014-12-22,0.762,1.0,0.855056649402,0.0,0.0,0.0,0.233644668517,0.172694201961
2014-12-23,7.112,1.0,0.908024760427,0.0,0.0,0.0,0.0696194279475,0.0514579323664
2014-12-24,23.368,1.0,2.17238044957,0.0,0.0,0.0,0.08238844969,0.0608959222578
2014-12-25,1.27,1.0,1.06486540086,0.0,0.0,0.0,0.816190257897,0.603272165934
2014-12-26,0.508,1.0,0.912840043247,0.0,0.0,0.0,0.741530699083,0.548088912621
2014-12-27,0.762,1.0,0.877069370867,0.0,0.0,0.0,0.967272633141,0.714941952318
2014-12-28,0.0,1.0,0.843362391124,0.0,0.0,0.0,0.657525159144,0.485997747553
2014-12-29,0.0,0.0,0.802776435923,0.0,0.0,0.0,0.825808702877,0.610381464385
2014-12-30,0.0,0.0,0.791082177645,0.0,0.0,0.0,0.740892395717,0.547617122312
2014-12-31,0.0,0.0,0.749808324898,0.0,0.0,0.0,0.612702886111,0.452868180675
2015-01-01,0.0,0.0,0.674139594862,0.0,0.0,0.0,0.840468726288,0.621217153724
2015-01-02,0.0,0.0,0.651438975852,0.0,0.0,0.0,0.749190211766,0.553750301938
2015-01-03,8.128,1.0,0.867438805226,0.0,0.0,0.0,0.266630410466,0.197075012437
2015-01-04,11.938,1.0,1.29943846397,0.0,0.0,0.0,0.62091937556,0.458941249225
2015-01-05,0.0,1.0,0.780763714458,0.0,0.0,0.0,1.03341638145,0.763830899372
2015-01-06,3.556,1.0,0.670070845355,0.0,0.0,1.0,0.388868090491,0.287424767624
2015-01-07,0.0,1.0,0.939018763809,0.0,0.0,96.0,0.418075121853,0.309012612983
2015-01-08,0.0,0.0,1.47940590533,0.0,0.0,96.0,0.469013839828,0.346663038757
2015-01-09,1.27,1.0,2.0197930467,0.0,0.0,96.0,0.912774112266,0.674660363056
2015-01-10,0.0,1.0,2.56018018822,0.0,0.0,96.0,0.468958516159,0.346622147275
2015-01-11,0.254,1.0,3.10056732974,0.0,0.0,95.0,0.6088349317,0.450009252609
2015-01-12,13.716,1.0,1.67227893379,0.0,0.0,0.0,0.324253578487,0.239666127736
2015-01-13,0.508,1.0,0.685833853141,0.0,0.0,0.0,0.564230180533,0.417040463057
2015-01-14,0.0,1.0,0.597095069735,0.0,0.0,0.0,0.411355378121,0.304045836772
2015-01-15,0.254,1.0,0.594343479552,0.0,0.0,0.0,0.556256723028,0.411147027142
2015-01-16,0.254,1.0,0.603224476738,0.0,1.0,0.0,0.624355845596,0.461481253472
2015-01-17,0.0,1.0,0.926947262723,0.0,95.0,0.0,0.497278392419,0.367554268094
2015-01-18,0.0,0.0,0.593655582006,0.0,0.0,0.0,0.204229972207,0.150952864838
2015-01-19,0.254,1.0,0.584025016365,0.0,0.0,0.0,0.633473730418,0.468220571998
2015-01-20,0.0,1.0,0.591591889369,0.0,0.0,0.0,0.520168619426,0.384473162545
2015-01-21,1.524,1.0,0.594343479552,0.0,0.0,0.0,0.250275327318,0.184986450561
2015-01-22,2.032,1.0,0.611540918197,0.0,0.0,0.0,0.436707846845,0.32278465235
2015-01-23,7.112,1.0,0.630114151933,0.0,0.0,0.0,0.349386675151,0.25824279845
2015-01-24,16.764,1.0,1.7025464258,0.0,0.0,0.0,0.38300550689,0.283091545716
2015-01-25,1.016,1.0,0.737426169074,0.0,0.0,0.0,0.536447086,0.396505094675
2015-01-26,0.762,1.0,0.69890390651,0.0,0.0,0.0,0.248444169248,0.18363298342
2015-01-27,3.048,1.0,0.676895475462,0.0,0.0,1.0,0.518097655478,0.382942447256
2015-01-28,0.0,1.0,0.680769725722,0.0,0.0,96.0,0.721248333534,0.533097571477
2015-01-29,0.0,0.0,0.720310248352,0.0,0.0,96.0,0.388863348919,0.287421262978
2015-01-30,0.254,1.0,0.759850770983,0.0,0.0,96.0,0.593769601683,0.438873988274
2015-01-31,0.0,0.0,0.799391293613,0.0,0.0,96.0,0.540792594414,0.399716998086
2015-02-01,0.762,1.0,0.838931816244,0.0,0.0,95.0,0.430136102482,0.317927267179
2015-02-02,13.208,1.0,1.14741167622,0.0,0.0,1.0,0.391198647323,0.289147356266
2015-02-03,0.0,1.0,0.653585616688,0.0,0.0,96.0,0.548041924791,0.40507520862
2015-02-04,1.016,1.0,0.640405442478,0.0,0.0,96.0,0.758993524234,0.560996241825
2015-02-05,0.0,1.0,0.627225268268,0.0,0.0,96.0,0.547742868612,0.404854166691
2015-02-06,0.0,0.0,0.614045094058,0.0,0.0,96.0,0.552166402272,0.408123741042
2015-02-07,0.0,0.0,0.600864919848,0.0,0.0,95.0,0.777146966842,0.574414028347
2015-02-08,0.0,0.0,0.628738356841,0.0,0.0,0.0,0.779974622344,0.576504038418
2015-02-09,0.0,0.0,0.647999488123,0.0,0.0,0.0,0.315143270773,0.232932409692
2015-02-10,1.27,1.0,0.641120512665,0.0,0.0,0.0,0.318665877271,0.235536080136
2015-02-11,1.27,1.0,0.590903991823,0.0,0.0,0.0,0.631051773834,0.466430426894
2015-02-12,0.0,1.0,0.594345784628,0.0,0.0,1.0,0.608412441612,0.449696976755
2015-02-13,0.0,0.0,0.605297113213,0.0,0.0,96.0,0.443834336707,0.328052067555
2015-02-14,0.0,0.0,0.626540524045,0.0,0.0,96.0,0.361113198341,0.26691024452
2015-02-15,0.0,0.0,0.647783934739,0.0,0.0,96.0,0.348849742966,0.257845934803
2015-02-16,0.508,1.0,0.669027345571,0.0,0.0,96.0,0.218790857033,0.161715277697
2015-02-17,7.366,1.0,0.690270756334,0.0,0.0,96.0,0.340624901356,0.251766692905
2015-02-18,0.0,0.0,0.711514167166,0.0,0.0,96.0,0.301614002018,0.222932497066
2015-02-19,0.0,0.0,0.73275757786,0.0,0.0,96.0,0.296972983604,0.21950217282
2015-02-20,0.0,0.0,0.754000988692,0.0,0.0,96.0,0.290286767249,0.21456017776
2015-02-21,20.828,1.0,0.775244399455,0.0,0.0,96.0,0.235133660348,0.173794763157
2015-02-22,7.112,1.0,0.796487810218,0.0,0.0,96.0,0.513643671501,0.379650366108
2015-02-23,0.0,1.0,0.817731220981,0.0,0.0,96.0,0.504537848839,0.372919963109
2015-02-24,0.0,0.0,0.838974631813,0.0,0.0,96.0,0.337631387906,0.249554091952
2015-02-25,0.0,0.0,0.860218042576,0.0,1.0,95.0,0.453591281735,0.335263735794
2015-02-26,0.0,0.0,0.799261761542,0.0,96.0,0.0,0.431513975724,0.318945697093
2015-02-27,0.254,1.0,0.731370027562,0.0,95.0,1.0,0.509321318259,0.376455577421
2015-02-28,0.0,1.0,0.751158203862,0.0,0.0,96.0,0.598180107142,0.442133933066
2015-03-01,9.906,1.0,0.863184308867,0.0,1.0,95.0,0.216346821015,0.159908812981
2015-03-02,2.032,1.0,0.898244460609,0.0,96.0,0.0,0.64696983789,0.478195974066
2015-03-03,0.0,1.0,0.761310702823,0.0,95.0,0.0,0.421961952145,0.311885492812
2015-03-04,18.542,1.0,0.959818104787,0.0,0.0,1.0,0.188938063832,0.139650129235
2015-03-05,21.082,1.0,3.86096629852,0.0,1.0,95.0,0.252410300294,0.186564476957
2015-03-06,2.286,1.0,4.0113575906,0.0,95.0,1.0,0.658131988876,0.486446274699
2015-03-07,0.762,1.0,1.54170818462,0.0,0.0,96.0,0.777457318901,0.57464341942
2015-03-08,0.254,1.0,1.08464646644,0.0,0.0,95.0,0.940079790618,0.694842857961
2015-03-09,0.254,1.0,1.15222838918,0.0,0.0,0.0,1.28666134828,0.951012304903
2015-03-10,11.938,1.0,2.01068032366,0.0,1.0,0.0,0.54839640091,0.405337213188
2015-03-11,1.778,1.0,3.83052060286,0.0,95.0,0.0,1.27884096405,0.945232010313
2015-03-12,0.0,1.0,1.91854625517,0.0,0.0,0.0,1.75518292426,1.2973114958
2015-03-13,0.254,1.0,1.53332362954,0.0,0.0,0.0,1.26975060012,0.93851303335
2015-03-14,20.828,1.0,2.61401067396,0.0,0.0,0.0,0.382248861306,0.282532284911
2015-03-15,0.508,1.0,1.69841904053,0.0,0.0,0.0,1.11768696933,0.826117969797
2015-03-16,0.762,1.0,1.48035551851,0.0,0.0,0.0,1.30166737785,0.962103738391
2015-03-17,0.508,1.0,1.29737477134,0.0,0.0,0.0,2.158811428,1.59564615409
2015-03-18,0.0,1.0,1.21620286094,0.0,0.0,0.0,1.74006227964,1.28613534668
2015-03-19,0.0,0.0,1.17699270083,0.0,0.0,0.0,1.58818042695,1.1738746411
2015-03-20,11.43,1.0,1.28980789833,0.0,0.0,0.0,0.490013550447,0.362184592447
2015-03-21,1.778,1.0,1.6124318473,0.0,0.0,0.0,1.09774288051,0.811376659741
2015-03-22,0.0,1.0,1.28155312778,0.0,0.0,0.0,1.75428326716,1.29664653064
2015-03-23,0.0,0.0,1.19419013947,0.0,0.0,0.0,1.86129831368,1.37574475348
2015-03-24,0.0,0.0,1.1886869591,0.0,0.0,0.0,1.05834212726,0.782254310483
2015-03-25,0.0,0.0,1.18043218855,0.0,0.0,0.0,0.754807888496,0.557902505392
2015-03-26,6.604,1.0,1.32557857071,0.0,0.0,0.0,1.22157911326,0.902907956065
2015-03-27,13.97,1.0,1.91235517726,0.0,0.0,0.0,1.19679696388,0.884590681643
2015-03-28,0.0,1.0,1.22308183639,0.0,0.0,0.0,1.21600744948,0.898789762243
2015-03-29,0.0,0.0,1.1886869591,0.0,0.0,0.0,2.13118383501,1.57522572183
2015-03-30,0.508,1.0,1.16254685236,0.0,0.0,0.0,3.057782985,2.26010460977
2015-03-31,0.254,1.0,1.19969331984,0.0,0.0,0.0,2.65235872625,1.96044265187
2015-04-01,0.254,1.0,1.17492900819,0.0,0.0,0.0,1.89473536312,1.40045913967
2015-04-02,0.508,1.0,1.18455957383,0.0,0.0,0.0,2.37124051121,1.75265924251
2015-04-03,1.016,1.0,1.11164243398,0.0,0.0,0.0,2.03565828439,1.50461975066
2015-04-04,0.254,1.0,1.12127299962,0.0,0.0,0.0,3.42109379891,2.52863918181
2015-04-05,0.254,1.0,1.09788448306,0.0,0.0,0.0,3.66079055442,2.70580667366
2015-04-06,0.762,1.0,0.976814515005,0.0,0.0,0.0,4.19574431023,3.10120800052
2015-04-07,0.254,1.0,0.940273648799,0.0,1.0,0.0,1.79776854945,1.32878788516
2015-04-08,0.254,1.0,1.06417750332,0.0,0.0,0.0,0.321731815182,0.237802212311
2015-04-09,2.286,1.0,1.02496734321,0.0,0.0,0.0,0.376199762083,0.278061203377
2015-04-10,2.286,1.0,1.02771893339,0.0,0.0,0.0,0.592903286006,0.438233666817
2015-04-11,0.762,1.0,0.924534301525,0.0,0.0,0.0,3.47603804873,2.56925022351
2015-04-12,0.508,1.0,0.932789072075,0.0,0.0,0.0,3.30839558923,2.44534035242
2015-04-13,0.0,1.0,0.9286616868,0.0,0.0,0.0,3.64445006768,2.69372890045
2015-04-14,3.81,1.0,1.11576981925,0.0,0.0,0.0,1.52251254548,1.12533742235
2015-04-15,0.254,1.0,0.976814515005,0.0,0.0,0.0,3.35723050268,2.48143578938
2015-04-16,0.254,1.0,0.827540747571,0.0,0.0,0.0,4.55287252682,3.36517281835
2015-04-17,5.08,1.0,1.02703103585,0.0,0.0,0.0,3.62275456826,2.67769306714
2015-04-18,0.0,0.0,0.839235005849,0.0,0.0,0.0,4.84221377674,3.57903413419
2015-04-19,2.794,1.0,0.873629883138,0.0,0.0,0.0,3.5313303858,2.61011854756
2015-04-20,29.718,1.0,2.76878762176,0.0,0.0,0.0,3.20032440192,2.36546150234
2015-04-21,0.254,1.0,1.03872529412,0.0,0.0,0.0,4.11382683829,3.04066019289
2015-04-22,1.524,1.0,1.0098335972,0.0,0.0,0.0,4.07033324227,3.00851269343
2015-04-23,0.0,1.0,1.03459790885,0.0,0.0,0.0,3.0699102866,2.2690682839
2015-04-24,0.0,0.0,0.967871846909,0.0,0.0,0.0,4.81031426476,3.55545619082
2015-04-25,0.0,0.0,0.931413276983,0.0,0.0,0.0,2.88700507461,2.13387722724
2015-04-26,0.0,0.0,0.878445165958,0.0,0.0,0.0,5.31996870976,3.9321579928
2015-04-27,0.0,0.0,0.879133063504,0.0,0.0,0.0,3.5988990661,2.66006070714
2015-04-28,0.0,0.0,0.875005678229,0.0,0.0,0.0,5.79866969614,4.28598110953
2015-04-29,0.0,0.0,0.829604440208,0.0,0.0,0.0,4.52434774243,3.34408924342
2015-04-30,0.0,0.0,0.78695479237,0.0,0.0,0.0,5.05437333945,3.73584801145
2015-05-01,0.0,0.0,0.789706382553,0.0,0.0,0.0,2.79839323225,2.06838139763
2015-05-02,0.0,0.0,0.705782881968,0.0,0.0,0.0,5.23664295833,3.87056928103
2015-05-03,0.0,0.0,0.689273340869,0.0,0.0,0.0,6.19617274296,4.57978824788
2015-05-04,0.0,0.0,0.61429250838,0.0,0.0,0.0,7.17044552773,5.2999042348
2015-05-05,0.0,0.0,0.611540918197,0.0,0.0,0.0,5.49894159609,4.06444254256
2015-05-06,0.0,0.0,0.626674664204,0.0,0.0,0.0,5.86730481786,4.33671150987
2015-05-07,0.0,0.0,0.648687385669,0.0,0.0,0.0,5.99895408668,4.43401766952
2015-05-08,0.0,0.0,0.591591889369,0.0,0.0,0.0,5.96545716274,4.40925902819
2015-05-09,0.0,0.0,0.569579167904,0.0,0.0,0.0,4.48778262618,3.31706280361
2015-05-10,0.0,0.0,0.57026706545,0.0,0.0,0.0,4.26619329704,3.15327908621
2015-05-11,0.0,0.0,0.590903991823,0.0,0.0,0.0,4.86124540744,3.59310101745
2015-05-12,0.0,0.0,0.574394450725,0.0,0.0,0.0,8.52475298858,6.30091593194
2015-05-13,0.0,0.0,0.537935880798,0.0,0.0,0.0,7.26211699876,5.36766153323
2015-05-14,0.0,0.0,0.566827577721,0.0,0.0,0.0,7.53839629433,5.57186834338
2015-05-15,0.0,0.0,0.564763885084,0.0,0.0,0.0,6.3596260517,4.70060178448
2015-05-16,3.556,1.0,0.598470864827,0.0,0.0,0.0,5.30809925059,3.9233848982
2015-05-17,1.27,1.0,0.677579082591,0.0,0.0,0.0,4.94011344592,3.65139489187
2015-05-18,51.562,1.0,2.72407428128,0.0,0.0,0.0,6.53392546998,4.82943202542
2015-05-19,4.318,1.0,1.71286488899,0.0,0.0,0.0,7.88593983422,5.82874882197
2015-05-20,0.0,0.0,0.860559829768,0.0,0.0,0.0,7.73086918997,5.71413117917
2015-05-21,1.016,1.0,0.866063010134,0.0,0.0,0.0,1.80786522564,1.3362506595
2015-05-22,0.0,1.0,0.817222284384,0.0,0.0,0.0,7.22135363822,5.33753203761
2015-05-23,0.0,0.0,0.774572636546,0.0,0.0,0.0,8.6640312412,6.40386091605
2015-05-24,0.0,0.0,0.749120427352,0.0,0.0,0.0,7.54039106607,5.57334274259
2015-05-25,0.0,0.0,0.70715867706,0.0,0.0,0.0,6.91443501845,5.11067872893
2015-05-26,0.0,0.0,0.689273340869,0.0,0.0,0.0,6.49823140155,4.80304940475
2015-05-27,0.0,0.0,0.652126873397,0.0,0.0,0.0,5.54270976836,4.09679299006
2015-05-28,0.0,0.0,0.630114151933,0.0,0.0,0.0,6.5755573802,4.86020349373
2015-05-29,0.0,0.0,0.612916713288,0.0,0.0,0.0,7.85852093351,5.80848264081
2015-05-30,0.0,0.0,0.611540918197,0.0,0.0,0.0,7.80877789401,5.77171597902
2015-05-31,17.018,1.0,0.688585443324,0.0,0.0,0.0,7.56857081987,5.59417129444
2015-06-01,50.546,1.0,2.41520828323,0.0,0.0,0.0,5.8339472957,4.31205590482
2015-06-02,4.318,1.0,1.0352858064,0.0,0.0,0.0,1.41800187401,1.04809026272
2015-06-03,1.524,1.0,0.786266894824,0.0,0.0,0.0,2.47372101885,1.82840584352
2015-06-04,2.54,1.0,0.752559915081,0.0,0.0,0.0,2.58293780459,1.90913144181
2015-06-05,0.0,1.0,0.783515304641,0.0,0.0,0.0,3.79010385305,2.80138624349
2015-06-06,0.0,0.0,0.65006318076,0.0,0.0,0.0,5.92336877033,4.37815015939
2015-06-07,0.0,0.0,0.599846659918,0.0,0.0,0.0,5.74600906124,4.24705796022
2015-06-08,34.544,1.0,2.20196004404,0.0,0.0,0.0,6.11131412972,4.51706654921
2015-06-09,0.0,1.0,1.19281434438,0.0,0.0,0.0,8.33440450135,6.16022331393
2015-06-10,0.0,0.0,0.765629968451,0.0,0.0,0.0,7.24556117617,5.35542459845
2015-06-11,0.0,0.0,0.69408862369,0.0,0.0,0.0,8.36987364394,6.18643968477
2015-06-12,0.0,0.0,0.637681024936,0.0,0.0,0.0,7.67501295681,5.6728460616
2015-06-13,0.0,0.0,0.618419893654,0.0,0.0,0.0,7.20370774947,5.32448940027
2015-06-14,0.0,0.0,0.610165123105,0.0,0.0,0.0,7.21131174529,5.33010975531
2015-06-15,17.78,1.0,1.15773156954,0.0,0.0,0.0,6.20298873657,4.58482616543
2015-06-16,0.0,0.0,0.664509029221,0.0,0.0,0.0,8.89193324576,6.57231053252
2015-06-17,8.128,1.0,0.741553554349,0.0,0.0,0.0,6.25965008964,4.62670637273
2015-06-18,9.144,1.0,1.34071231672,0.0,0.0,0.0,4.79153424304,3.54157527975
2015-06-19,1.524,1.0,0.58333711882,0.0,0.0,0.0,6.9677471265,5.15008340275
2015-06-20,16.51,1.0,0.931413276983,0.0,0.0,0.0,5.76432198471,4.26059362411
2015-06-21,7.366,1.0,1.02565524075,0.0,0.0,0.0,9.07447512613,6.70723303922
2015-06-22,0.0,0.0,0.605349840285,0.0,0.0,0.0,10.0852326016,7.4543160209
2015-06-23,62.48,1.0,4.93841648114,0.0,0.0,0.0,6.91338517599,5.10990275699
2015-06-24,0.0,1.0,1.42574274544,0.0,3.0,0.0,8.6104030435,6.3642226103
2015-06-25,8.636,1.0,1.2863684106,0.0,0.0,0.0,4.99017257774,3.68839518755
2015-06-26,0.254,1.0,1.0428526794,0.0,0.0,0.0,5.15198198218,3.80799366223
2015-06-27,38.608,1.0,3.36794638413,0.0,0.0,0.0,2.27313315786,1.68014497886
2015-06-28,1.27,1.0,1.81811321349,0.0,0.0,0.0,4.53379023971,3.35106849333
2015-06-29,0.0,0.0,1.24234296767,0.0,0.0,0.0,8.12017350348,6.0018783731
2015-06-30,1.016,1.0,0.995387748741,0.0,0.0,0.0,5.10162193274,3.77077094876
2015-07-01,5.842,1.0,1.10407556097,0.0,0.0,0.0,7.14420854866,5.2805116495
2015-07-02,4.572,1.0,1.0504195524,0.0,0.0,0.0,2.28119629258,1.68610469805
2015-07-03,0.0,1.0,0.892203116874,0.0,0.0,0.0,4.80382247914,3.5506579057
2015-07-04,6.604,1.0,1.06899278614,0.0,0.0,0.0,1.9904672926,1.47121765203
2015-07-05,0.0,1.0,0.967183949364,0.0,0.0,0.0,4.49496723863,3.32237317907
2015-07-06,26.162,1.0,1.98458441957,0.0,0.0,0.0,4.49689517265,3.32379817639
2015-07-07,0.0,1.0,1.07380806896,0.0,0.0,0.0,7.23332410036,5.34637978671
2015-07-08,3.81,1.0,0.786266894824,0.0,0.0,0.0,5.73908536053,4.24194043292
2015-07-09,8.128,1.0,0.960304973906,0.0,0.0,0.0,5.06321899794,3.74238611884
2015-07-10,0.0,1.0,0.883948346325,0.0,0.0,0.0,9.05296977606,6.69133775134
2015-07-11,0.254,1.0,0.844050288669,0.0,0.0,0.0,9.20809104931,6.80599281563
2015-07-12,0.0,0.0,0.805528026106,0.0,0.0,0.0,5.78658154181,4.27704637038
2015-07-13,8.128,1.0,1.07862335178,0.0,0.0,0.0,6.21092465007,4.59069185138
2015-07-14,7.366,1.0,1.50511983016,0.0,0.0,0.0,6.45720186235,4.77272316801
2015-07-15,16.764,1.0,1.68190949943,0.0,0.0,0.0,4.95685458373,3.66376879902
2015-07-16,0.0,0.0,0.855744546948,0.0,0.0,0.0,6.98696009986,5.16428432214
2015-07-17,0.0,0.0,0.827540747571,0.0,0.0,0.0,3.45792950505,2.55586562321
2015-07-18,2.032,1.0,0.922470608888,0.0,0.0,0.0,6.61019458108,4.88580495
2015-07-19,0.0,0.0,0.776636329183,0.0,0.0,0.0,8.59314429673,6.35146612192
2015-07-20,0.254,1.0,0.727795603433,0.0,0.0,0.0,8.79883497559,6.50349864148
2015-07-21,0.0,0.0,0.767693661088,0.0,0.0,0.0,6.37986948928,4.71556435272
2015-07-22,0.0,0.0,0.693400726144,0.0,0.0,0.0,8.31164086322,6.14339798535
2015-07-23,0.0,0.0,0.668636414496,0.0,0.0,0.0,8.51036043043,6.29027793468
2015-07-24,0.0,0.0,0.633553639661,0.0,0.0,0.0,7.57832881433,5.60138373835
2015-07-25,0.0,0.0,0.623923074021,0.0,0.0,0.0,7.03449421094,5.19941829472
2015-07-26,0.0,0.0,0.604661942739,0.0,0.0,0.0,6.90231315118,5.10171907148
2015-07-27,16.256,1.0,1.55052106818,0.0,0.0,0.0,3.93432245196,2.90798279459
2015-07-28,0.0,0.0,0.718165037792,0.0,0.0,0.0,6.3790997814,4.71499543716
2015-07-29,19.05,1.0,1.27811364006,0.0,0.0,0.0,4.91841248728,3.63535502348
2015-07-30,8.382,1.0,1.2953110787,0.0,0.0,0.0,4.46045023997,3.29686056807
2015-07-31,0.0,1.0,0.776636329183,0.0,0.0,0.0,9.12560895484,6.74502767755
2015-08-01,0.0,0.0,0.695464418781,0.0,0.0,0.0,9.07909790324,6.71064988074
2015-08-02,0.0,0.0,0.640432615119,0.0,0.0,0.0,8.39681467566,6.20635265776
2015-08-03,0.0,0.0,0.612916713288,0.0,0.0,0.0,8.70309596302,6.43273489379
2015-08-04,1.27,1.0,0.659693746401,0.0,0.0,0.0,9.29116439332,6.86739496506
2015-08-05,0.0,0.0,0.63217784457,0.0,0.0,0.0,9.34884642148,6.91002958576
2015-08-06,0.254,1.0,0.641120512665,0.0,0.0,0.0,4.53909210192,3.35498726823
2015-08-07,0.0,1.0,0.645935795485,0.0,0.0,0.0,5.76993209186,4.26474023265
2015-08-08,0.0,0.0,0.617731996109,0.0,0.0,0.0,7.81138166435,5.77364050845
2015-08-09,0.0,0.0,0.637681024936,0.0,0.0,0.0,5.16040552604,3.81421977128
2015-08-10,0.762,1.0,0.660381643947,0.0,0.0,0.0,2.89106967535,2.13688150286
2015-08-11,11.684,1.0,0.789018485007,0.0,0.0,0.0,5.6762509804,4.19549754509
2015-08-12,0.0,1.0,0.602598250101,0.0,0.0,0.0,8.93145726348,6.60152399046
2015-08-13,0.0,0.0,0.575770245816,0.0,0.0,0.0,8.02591104391,5.93220599267
2015-08-14,0.0,0.0,0.555821216989,0.0,0.0,0.0,7.19071239943,5.31488412395
2015-08-15,0.0,0.0,0.520738442154,0.0,0.0,0.0,7.26071609999,5.36662608441
2015-08-16,0.0,0.0,0.527617417612,0.0,0.0,0.0,6.92241392496,5.11657619237
2015-08-17,0.0,0.0,0.519362647062,0.0,0.0,0.0,6.74774884368,4.98747567828
2015-08-18,0.0,0.0,0.511795774059,0.0,0.0,0.0,6.14836610927,4.54445284517
2015-08-19,0.0,1.0,0.505604696147,0.0,0.0,0.0,7.12068590471,5.26312531558
2015-08-20,34.034,1.0,1.91510676745,0.0,0.0,0.0,3.85991062769,2.85298264975
2015-08-21,0.0,1.0,0.812407001564,0.0,0.0,0.0,7.42503713598,5.48808098581
2015-08-22,0.0,0.0,0.706470779514,0.0,0.0,0.0,8.01114484754,5.92129182752
2015-08-23,0.0,0.0,0.6191077912,0.0,0.0,0.0,6.45216099425,4.76899730216
2015-08-24,47.248,1.0,2.58110758153,0.0,1.0,0.0,5.91871813247,4.3747127251
2015-08-25,0.0,1.0,1.2382155824,0.0,0.0,0.0,8.078649527,5.97118668206
2015-08-26,0.0,0.0,0.828916542662,0.0,0.0,0.0,6.94553622571,5.13366661991
2015-08-27,0.0,0.0,0.684763374977,0.0,1.0,0.0,4.90282133792,3.62383110935
2015-08-28,0.0,0.0,0.726419808341,0.0,0.0,0.0,6.39839462855,4.72925687206
2015-08-29,0.254,1.0,0.663821131676,0.0,0.0,0.0,6.11802380075,4.52202588037
2015-08-30,0.0,0.0,0.658317951309,0.0,0.0,0.0,5.35889355579,3.96092858391
2015-08-31,0.0,0.0,0.654878463581,0.0,0.0,0.0,5.3850527995,3.98026371253
2015-09-01,0.0,0.0,0.628738356841,0.0,0.0,0.0,6.59315188366,4.87320815056
2015-09-02,0.0,0.0,0.625298869112,0.0,0.0,0.0,5.8078657017,4.29277816958
2015-09-03,0.0,0.0,0.6191077912,0.0,0.0,0.0,6.76793393033,5.00239511749
2015-09-04,0.0,0.0,0.592279786915,0.0,0.0,0.0,7.57423940486,5.59836112581
2015-09-05,0.0,0.0,0.594343479552,0.0,0.0,0.0,5.36668850215,3.96669007656
2015-09-06,0.0,0.0,0.575770245816,0.0,0.0,0.0,6.43685394595,4.75768337615
2015-09-07,0.0,0.0,0.577146040908,0.0,0.0,0.0,6.87670311627,5.08278988055
2015-09-08,0.0,0.0,0.596407172189,0.0,0.0,0.0,6.55689153009,4.84640697053
2015-09-09,0.0,0.0,0.603974045193,0.0,0.0,0.0,6.54971038201,4.8410991557
2015-09-10,12.446,1.0,1.29943846397,0.0,0.0,0.0,2.3214916214,1.71588825656
2015-09-11,0.0,1.0,0.755311505264,0.0,0.0,0.0,7.29430365912,5.3914517171
2015-09-12,29.21,1.0,1.80641895521,0.0,0.0,0.0,1.03061039457,0.761756905269
2015-09-13,0.0,1.0,0.863311419951,0.0,0.0,0.0,4.64724606326,3.43492729923
2015-09-14,0.0,0.0,0.736050373982,0.0,0.0,0.0,6.73772829227,4.98006917018
2015-09-15,0.0,0.0,0.709910267243,0.0,0.0,0.0,5.50411989464,4.06826998763
2015-09-16,0.0,0.0,0.674827492408,0.0,0.0,0.0,5.50635975809,4.06992554191
2015-09-17,0.0,0.0,0.648687385669,0.0,0.0,0.0,5.14231015579,3.80084490788
2015-09-18,0.0,0.0,0.652126873397,0.0,0.0,0.0,5.32406324938,3.9351843972
2015-09-19,0.0,0.0,0.648687385669,0.0,0.0,0.0,4.62529128483,3.41869982455
2015-09-20,0.0,0.0,0.63217784457,0.0,0.0,0.0,5.60801035788,4.14505873164
2015-09-21,1.016,1.0,0.645935795485,0.0,0.0,0.0,2.27556764763,1.68194438764
2015-09-22,0.762,1.0,0.652814770943,0.0,0.0,0.0,3.18089493318,2.35110056434
2015-09-23,0.0,0.0,0.628050459295,0.0,0.0,0.0,5.19251302129,3.8379514417
2015-09-24,0.0,0.0,0.6191077912,0.0,0.0,0.0,4.57259734469,3.37975205828
2015-09-25,0.0,0.0,0.594343479552,0.0,0.0,0.0,3.65878502658,2.70432432428
2015-09-26,0.0,0.0,0.594343479552,0.0,0.0,0.0,3.97211963483,2.935919894
2015-09-27,0.0,0.0,0.592279786915,0.0,0.0,0.0,3.59821042951,2.65955171395
2015-09-28,0.0,0.0,0.608101430468,0.0,0.0,0.0,3.85133448634,2.84664375105
2015-09-29,82.796,1.0,3.55589146323,0.0,2.0,0.0,2.56742639656,1.89766646703
2015-09-30,1.27,1.0,1.46590967005,0.0,0.0,0.0,2.14488372192,1.58535174376
2015-10-01,11.938,1.0,1.42050843203,0.0,0.0,0.0,1.23426757781,0.912286403571
2015-10-02,24.13,1.0,2.44753946788,0.0,0.0,0.0,0.900980243499,0.665943139728
2015-10-03,8.89,1.0,1.76101771719,0.0,0.0,0.0,1.07342979243,0.793406083438
2015-10-04,0.0,1.0,0.863999317497,0.0,0.0,0.0,1.63461667428,1.20819714769
2015-10-05,0.0,0.0,0.659693746401,0.0,0.0,0.0,2.95223962835,2.18209415969
2015-10-06,0.0,0.0,0.635617332299,0.0,0.0,0.0,3.80926397707,2.81554810025
2015-10-07,0.0,0.0,0.659693746401,0.0,0.0,0.0,3.1482876707,2.32699950007
2015-10-08,0.0,0.0,0.670700107133,0.0,0.0,0.0,3.49323107537,2.58195813606
2015-10-09,11.684,1.0,1.37992247683,0.0,0.0,0.0,3.7107918977,2.742764256
2015-10-10,0.254,1.0,0.835107620574,0.0,0.0,0.0,3.03421807546,2.24268703601
2015-10-11,0.0,0.0,0.742241451894,0.0,0.0,0.0,3.17926407467,2.34989514497
2015-10-12,0.0,0.0,0.71197395988,0.0,0.0,0.0,3.57768508455,2.64438077899
2015-10-13,0.0,0.0,0.688585443324,0.0,0.0,0.0,4.03948537615,2.98571205494
2015-10-14,0.0,0.0,0.753935710173,0.0,0.0,0.0,4.58822885763,3.39130580641
2015-10-15,0.0,0.0,0.69890390651,0.0,0.0,0.0,3.44131884264,2.54358815458
2015-10-16,0.0,0.0,0.656254258672,0.0,0.0,0.0,4.09147243313,3.0241373414
2015-10-17,0.0,0.0,0.657630053764,0.0,0.0,0.0,2.94753261675,2.17861505778
2015-10-18,0.0,0.0,0.645979882358,0.0,1.0,0.0,2.75664337122,2.03752274812
2015-10-19,0.0,0.0,0.673008302566,0.0,96.0,0.0,2.93542470551,2.16966571568
2015-10-20,0.0,0.0,0.681752438614,0.0,96.0,0.0,4.51111361571,3.33430747965
2015-10-21,0.0,0.0,0.674207570146,0.0,96.0,0.0,4.16287234644,3.0769112871
2015-10-22,0.0,0.0,0.665813112714,0.0,96.0,0.0,4.30372936451,3.18102318694
2015-10-23,0.0,0.0,0.657766047944,0.0,96.0,0.0,3.23837682048,2.39358725456
2015-10-24,0.0,0.0,0.638524701146,0.0,96.0,0.0,1.90110932622,1.40517033842
2015-10-25,0.0,0.0,0.654118435437,0.0,96.0,0.0,3.07523558552,2.27300438162
2015-10-26,0.0,0.0,0.648676847835,0.0,95.0,0.0,2.49635808269,1.84513761702
2015-10-27,0.0,0.0,0.755311505264,0.0,0.0,0.0,1.68439292439,1.24498835651
2015-10-28,45.72,1.0,2.79148824077,0.0,0.0,0.0,1.27469182825,0.942165252144
2015-10-29,5.334,1.0,1.66333626569,0.0,0.0,0.0,3.23045161575,2.38772948381
2015-10-30,0.0,0.0,0.687209648232,0.0,0.0,0.0,2.11593963045,1.56395824564
2015-10-31,0.0,0.0,0.619795688746,0.0,0.0,0.0,1.96156915798,1.44985812207
2015-11-01,0.508,1.0,0.632144767429,0.0,1.0,0.0,1.81024674264,1.33801091442
2015-11-02,0.0,0.0,0.788583560271,0.0,96.0,0.0,1.03437832039,0.764541899024
2015-11-03,0.0,0.0,0.774253917723,0.0,96.0,0.0,2.76181843204,2.04134780009
2015-11-04,0.254,1.0,0.764883729214,0.0,95.0,0.0,3.59839018742,2.65968457873
2015-11-05,2.286,1.0,0.695687052695,0.0,6.0,0.0,1.03257309104,0.763207596623
2015-11-06,0.0,0.0,0.788933063747,0.0,96.0,0.0,2.92223695308,2.15991822863
2015-11-07,0.0,0.0,0.779845973351,0.0,96.0,0.0,2.10711184115,1.55743334594
2015-11-08,0.0,0.0,0.755730233453,0.0,96.0,0.0,2.13104404953,1.57512240195
2015-11-09,4.572,1.0,0.769547152735,0.0,95.0,0.0,0.940772663821,0.695354982571
2015-11-10,14.224,1.0,1.45834279705,0.0,0.0,0.0,0.492395728242,0.363945335783
2015-11-11,0.0,1.0,0.80002484574,0.0,0.0,0.0,1.63395630728,1.20770904945
2015-11-12,4.826,1.0,0.762190480722,0.0,0.0,0.0,1.36221187485,1.00685410081
2015-11-13,0.0,0.0,0.60603773783,0.0,0.0,0.0,3.05975347018,2.261561058
2015-11-14,0.0,0.0,0.597782967281,0.0,0.0,0.0,1.9087771013,1.41083783474
2015-11-15,0.0,0.0,0.644560000394,0.0,0.0,0.0,2.2129625843,1.63567099515
2015-11-16,0.0,0.0,0.632144767429,0.0,1.0,0.0,2.40707558507,1.77914608478
2015-11-17,0.0,0.0,0.60290356703,0.0,1.0,0.0,1.41730235961,1.04757322939
2015-11-18,0.0,0.0,0.595031377098,0.0,0.0,0.0,0.893455700364,0.660381510696
2015-11-19,10.668,1.0,0.945859125445,0.0,0.0,0.0,0.811530708521,0.599828144865
2015-11-20,0.0,1.0,0.697528111419,0.0,0.0,0.0,1.69591686103,1.25350606442
2015-11-21,0.0,0.0,0.621859381383,0.0,0.0,0.0,1.32120706233,0.976546140349
2015-11-22,0.0,0.0,0.608789328013,0.0,0.0,0.0,1.12744378748,0.833329544258
2015-11-23,0.0,0.0,0.649375283214,0.0,0.0,0.0,1.30606942318,0.965357430032
2015-11-24,0.0,0.0,0.634929434753,0.0,0.0,0.0,1.33408013139,0.986061034923
2015-11-25,0.0,0.0,0.646623693031,0.0,0.0,0.0,1.06295667601,0.785665070153
2015-11-26,0.0,0.0,0.662445336584,0.0,0.0,0.0,1.05082208621,0.776696009084
2015-11-27,0.0,0.0,0.66313323413,0.0,0.0,0.0,1.24977570398,0.923748952619
2015-11-28,1.016,1.0,0.674139594862,0.0,0.0,0.0,1.27906964924,0.945401038804
2015-11-29,8.128,1.0,1.05523483522,0.0,0.0,0.0,0.499280784459,0.369034299706
2015-11-30,2.54,1.0,0.754623607718,0.0,0.0,0.0,0.437875732706,0.323647873916
2015-12-01,23.876,1.0,2.14142506001,0.0,0.0,0.0,0.227504567703,0.168155858257
2015-12-02,6.858,1.0,1.27329835723,0.0,0.0,0.0,0.300653798207,0.222222779904
2015-12-03,0.0,1.0,0.872254088046,0.0,0.0,0.0,0.937460552787,0.692906896016
2015-12-04,0.0,0.0,0.796585358011,0.0,0.0,0.0,0.837431857508,0.618972507468
2015-12-05,0.0,0.0,0.753935710173,0.0,0.0,0.0,0.574470240671,0.424609217031
2015-12-06,0.0,0.0,0.712661857426,0.0,0.0,0.0,0.6788658048,0.501771297167
2015-12-07,0.0,0.0,0.697539446457,0.0,2.0,0.0,1.00521161513,0.742983859972
2015-12-08,0.254,1.0,0.775948431637,0.0,0.0,0.0,0.561026567847,0.414672571079
2015-12-09,0.0,0.0,0.718165037792,0.0,0.0,0.0,0.259094065807,0.191504660522
2015-12-10,0.762,1.0,0.717477140246,0.0,0.0,0.0,0.8322369814,0.615132809394
2015-12-11,0.0,0.0,0.731922988708,0.0,0.0,0.0,0.60874830127,0.449945221305
2015-12-12,0.0,0.0,0.661069541493,0.0,0.0,0.0,0.76959415841,0.568831507534
2015-12-13,0.0,0.0,0.658317951309,0.0,0.0,0.0,0.748337321975,0.55311990398
2015-12-14,1.27,1.0,0.683082262957,0.0,0.0,0.0,0.519032567705,0.383633470603
2015-12-15,1.016,1.0,0.73811406662,0.0,0.0,0.0,1.00811677869,0.745131158711
2015-12-16,0.0,0.0,0.689273340869,0.0,0.0,0.0,0.460867765613,0.340642016344
2015-12-17,9.652,1.0,1.0339100113,0.0,0.0,0.0,0.178525871769,0.131954147082
2015-12-18,0.0,1.0,0.80002484574,0.0,0.0,0.0,0.56853692003,0.420223711128
2015-12-19,0.0,0.0,0.758063095447,0.0,0.0,0.0,0.648155305904,0.47907219116
2015-12-20,0.0,0.0,0.708534472151,0.0,0.0,0.0,0.648174756963,0.479086568056
2015-12-21,0.0,0.0,0.644560000394,0.0,0.0,0.0,0.442078385465,0.326754188171
2015-12-22,4.572,1.0,0.769757353725,0.0,0.0,0.0,0.372265228679,0.275153064662
2015-12-23,20.066,1.0,1.55327265837,0.0,0.0,0.0,0.141743447437,0.104767087962
2015-12-24,1.524,1.0,1.08481442969,0.0,0.0,0.0,0.288390303182,0.21315844088
2015-12-25,28.448,1.0,3.59770416442,0.0,0.0,0.0,0.083190217672,0.0614885344611
2015-12-26,0.254,1.0,1.84218962759,0.0,0.0,0.0,0.660798681301,0.488417311843
2015-12-27,0.762,1.0,1.31732380016,0.0,0.0,0.0,0.350381510146,0.25897811262
2015-12-28,4.318,1.0,1.20450860266,0.0,0.0,0.0,0.453113758333,0.334910783067
2015-12-29,13.208,1.0,2.69244074677,0.0,2.0,0.0,0.291136885176,0.215188526944
2015-12-30,3.048,1.0,1.22514552903,0.0,0.0,0.0,0.168518905097,0.124557679898
2015-12-31,0.254,1.0,1.17561690573,0.0,0.0,0.0,0.50851912505,0.37586265092
2016-01-01,0.0,0.0,1.03597370394,0.0,0.0,0.0,0.447732164575,0.330933076042
2016-01-02,0.0,0.0,1.01258518739,0.0,0.0,0.0,0.554930743039,0.410166953179
2016-01-03,0.0,0.0,0.971311334638,0.0,0.0,0.0,0.640984081296,0.473771711083
2016-01-04,0.0,0.0,0.898390630582,0.0,0.0,1.0,0.468473087774,0.346263351723
2016-01-05,0.0,0.0,0.907597052148,0.0,0.0,96.0,0.397808393257,0.294032829606
2016-01-06,0.0,0.0,0.874749053166,0.0,0.0,95.0,0.490753521614,0.36273152866
2016-01-07,0.0,0.0,0.883948346325,0.0,0.0,0.0,0.0680771432332,0.0503179807055
2016-01-08,1.016,1.0,0.877069370867,0.0,0.0,0.0,0.0405167000939,0.0299471810472
2016-01-09,6.35,1.0,0.894954707057,0.0,0.0,0.0,0.21725473814,0.16057988339
2016-01-10,25.146,1.0,3.06802305417,0.0,0.0,0.0,0.595930628771,0.440471272092
2016-01-11,0.0,1.0,1.33520913635,0.0,0.0,0.0,0.557966648466,0.412410887391
2016-01-12,0.0,0.0,1.0910055076,0.0,0.0,0.0,0.553147992088,0.408849265279
2016-01-13,0.0,0.0,1.0428526794,0.0,0.0,0.0,0.452753658114,0.334644621548
2016-01-14,0.0,0.0,0.897018399694,0.0,0.0,0.0,0.63464218899,0.469084216874
2016-01-15,8.382,1.0,0.998827236469,0.0,0.0,0.0,0.374480407649,0.276790373858
2016-01-16,0.762,1.0,1.12471248735,0.0,0.0,0.0,0.488555952392,0.361107235388
2016-01-17,0.762,1.0,0.903897816094,0.0,0.0,1.0,0.237173897153,0.175302767038
2016-01-18,0.0,1.0,0.860591403302,0.0,0.0,96.0,0.275541608367,0.203661562088
2016-01-19,0.0,0.0,0.86465494969,0.0,0.0,96.0,0.389168587808,0.287646874744
2016-01-20,0.0,0.0,0.868718496284,0.0,1.0,95.0,0.290844176164,0.214972176409
2016-01-21,0.0,0.0,0.837442527344,0.0,95.0,1.0,0.340100912439,0.251379396039
2016-01-22,0.0,0.0,0.810400676899,0.0,1.0,95.0,0.209169509835,0.154603834124
2016-01-23,0.0,0.0,2.8851330759,0.0,95.0,1.0,0.0835428460513,0.0617491733062
2016-01-24,2.54,1.0,5.41218849933,0.0,88.0,8.0,0.359598149239,0.265790423566
2016-01-25,5.842,1.0,1.30846534786,0.0,0.0,95.0,0.3776611943,0.279141394387
2016-01-26,4.318,1.0,0.934164867166,0.0,0.0,0.0,0.461420011899,0.34105019913
2016-01-27,0.254,1.0,0.921094813797,0.0,0.0,0.0,0.442128736304,0.326791404077
2016-01-28,0.0,0.0,0.891515219328,0.0,0.0,0.0,0.332253438629,0.245579078678
2016-01-29,0.0,0.0,0.867438805226,0.0,0.0,0.0,0.363259241639,0.268496453344
2016-01-30,0.0,0.0,0.879133063504,0.0,0.0,0.0,0.439762889789,0.325042731708
2016-01-31,0.0,0.0,0.987132978191,0.0,0.0,0.0,0.692155626239,0.51159422667
2016-02-01,3.048,1.0,1.44802433386,0.0,0.0,0.0,0.489058536145,0.361478711016
2016-02-02,0.0,1.0,1.25197353332,0.0,0.0,0.0,0.494397785596,0.365425120018
2016-02-03,22.86,1.0,3.77655752632,0.0,0.0,0.0,0.24305476962,0.179649506829
2016-02-04,1.27,1.0,3.75454480486,0.0,0.0,0.0,0.453570590558,0.335248442288
2016-02-05,0.508,1.0,2.33403637282,0.0,0.0,0.0,0.430755516487,0.318385095761
2016-02-06,0.0,0.0,1.71768017181,0.0,0.0,0.0,0.433146762132,0.320152541433
2016-02-07,0.0,0.0,1.53263573199,0.0,0.0,0.0,0.402494672694,0.297496607713
2016-02-08,0.0,0.0,1.45283961668,0.0,0.0,0.0,0.415322559388,0.306978106562
2016-02-09,7.112,1.0,1.59110702338,0.0,0.0,0.0,0.176394667326,0.130378906128
2016-02-10,0.762,1.0,1.37906174434,0.0,1.0,0.0,0.319842648822,0.236405869399
2016-02-11,0.0,1.0,1.16765725321,0.0,95.0,1.0,0.343225324195,0.253688748091
2016-02-12,0.0,0.0,1.29945708921,0.0,0.0,96.0,0.276953943565,0.20470546393
2016-02-13,0.0,0.0,1.31492561982,0.0,0.0,96.0,0.23347204586,0.172566611067
2016-02-14,0.0,0.0,1.33039415043,0.0,0.0,96.0,0.268900690299,0.198753048433
2016-02-15,5.588,1.0,1.3458626809,0.0,1.0,95.0,0.218609725328,0.161581397495
2016-02-16,24.638,1.0,4.13087674661,0.0,95.0,0.0,0.329268401834,0.243372743091
2016-02-17,0.0,1.0,1.73201507622,0.0,2.0,0.0,0.379663934811,0.280621683565
2016-02-18,0.0,0.0,1.62481400313,0.0,0.0,0.0,0.468005890233,0.345918031169
2016-02-19,0.0,0.0,1.52850834672,0.0,0.0,0.0,0.391100749266,0.2890749967
2016-02-20,2.286,1.0,1.63031718349,0.0,0.0,0.0,1.3091349213,0.967623237148
2016-02-21,0.0,1.0,1.56015163382,0.0,0.0,0.0,0.495994004412,0.366604936088
2016-02-22,0.0,0.0,1.37717088665,0.0,0.0,0.0,0.752626292376,0.556290018348
2016-02-23,8.89,1.0,1.9625716981,0.0,0.0,0.0,0.284920630517,0.210593895514
2016-02-24,27.686,1.0,3.23793374798,0.0,0.0,0.0,0.19756849986,0.14602915886
2016-02-25,0.254,1.0,2.55416358747,0.0,0.0,0.0,0.729006864307,0.538832148211
2016-02-26,0.0,0.0,2.12491551891,0.0,0.0,0.0,0.810302877039,0.598920615585
2016-02-27,0.0,0.0,2.02929776004,0.0,0.0,0.0,0.763591605554,0.5643948299
2016-02-28,1.524,1.0,1.78922151657,0.0,0.0,0.0,1.51322051375,1.11846938631
2016-02-29,0.0,1.0,1.81742531595,0.0,0.0,0.0,1.42970916602,1.05674349442
2016-03-01,0.0,0.0,1.83943803741,0.0,0.0,0.0,1.38525367569,1.0238850283
2016-03-02,0.254,1.0,1.9625716981,0.0,0.0,0.0,1.08336774338,0.80075153891
2016-03-03,0.0,0.0,1.88690296807,0.0,0.0,0.0,0.74584822209,0.551280131127
2016-03-04,3.556,1.0,1.91992205027,0.0,0.0,0.0,0.459024882383,0.339279882764
2016-03-05,0.0,1.0,1.84287752514,0.0,0.0,0.0,0.75506725998,0.558094215101
2016-03-06,0.762,1.0,1.78922151657,0.0,0.0,0.0,0.896042809576,0.662293725357
2016-03-07,1.778,1.0,1.66333626569,0.0,0.0,0.0,1.647089122,1.2174159303
2016-03-08,1.016,1.0,1.50649562525,0.0,0.0,0.0,2.90533265994,2.14742372819
2016-03-09,0.254,1.0,1.58766753566,0.0,0.0,0.0,2.96548235281,2.19188227832
2016-03-10,0.0,1.0,1.63306877368,0.0,0.0,0.0,2.96289860966,2.18997255162
2016-03-11,0.0,0.0,1.55464845346,0.0,0.0,0.0,2.62847800869,1.94279165436
2016-03-12,0.0,0.0,1.547769478,0.0,0.0,0.0,1.06108792633,0.784283817864
2016-03-13,1.27,1.0,1.77959095093,0.0,0.0,0.0,1.016540585,0.751357461743
2016-03-14,17.272,1.0,3.42366608534,0.0,0.0,0.0,0.423596513334,0.313093648948
2016-03-15,1.524,1.0,1.84425332023,0.0,0.0,0.0,0.980844551118,0.72497338834
2016-03-16,0.508,1.0,1.81604952085,0.0,0.0,0.0,1.31907962041,0.974973680392
2016-03-17,0.0,1.0,1.78922151657,0.0,0.0,0.0,2.16845894577,1.60277694116
2016-03-18,0.0,0.0,1.76652089756,0.0,0.0,0.0,2.88807682258,2.13466939023
2016-03-19,2.032,1.0,2.08983274407,0.0,0.0,0.0,0.922023380927,0.681496791554
2016-03-20,1.016,1.0,1.89722143126,0.0,0.0,0.0,0.941661894561,0.69601224128
2016-03-21,1.27,1.0,1.87176922206,0.0,0.0,0.0,1.63939004692,1.21172529916
2016-03-22,1.016,1.0,1.8332469595,0.0,0.0,0.0,2.09616541864,1.54934249708
2016-03-23,1.27,1.0,1.74794766382,0.0,0.0,0.0,3.19361744344,2.36050417612
2016-03-24,0.0,1.0,1.743132381,0.0,0.0,0.0,3.02756056742,2.23776626017
2016-03-25,0.254,1.0,1.67571842151,0.0,0.0,0.0,2.65345825734,1.96125535025
2016-03-26,0.0,1.0,1.69841904053,0.0,0.0,0.0,1.96960661596,1.45579886276
2016-03-27,0.0,0.0,1.66333626569,0.0,0.0,0.0,1.05989206401,0.783399918006
2016-03-28,9.906,1.0,2.26387082316,0.0,0.0,0.0,2.60935958421,1.92866061906
2016-03-29,0.0,1.0,1.78234254111,0.0,0.0,0.0,3.00869636455,2.22382312815
2016-03-30,0.0,0.0,1.735565508,0.0,0.0,0.0,2.30744134353,1.70550324953
2016-03-31,0.0,0.0,1.85113229569,0.0,0.0,0.0,2.96026765164,2.18802792691
2016-04-01,7.62,1.0,2.00246975576,0.0,0.0,0.0,4.11085996392,3.03846728173
2016-04-02,2.794,1.0,1.97357805884,0.0,0.0,0.0,2.88123339825,2.12961119777
2016-04-03,0.0,1.0,1.83187116441,0.0,0.0,0.0,2.36437096722,1.74758174416
2016-04-04,2.794,1.0,1.95452408969,0.0,1.0,0.0,2.73115050934,2.0186801635
2016-04-05,0.254,1.0,1.85525968096,0.0,0.0,0.0,1.99402975176,1.47385077884
2016-04-06,0.254,1.0,1.89722143126,0.0,0.0,0.0,1.94085500352,1.43454763201
2016-04-07,31.75,1.0,3.57156405768,0.0,0.0,0.0,1.80813784101,1.33645215818
2016-04-08,0.254,1.0,1.96807487847,0.0,0.0,0.0,2.35609567434,1.74146521213
2016-04-09,2.286,1.0,2.01897929686,0.0,0.0,0.0,1.42613840767,1.05410423341
2016-04-10,1.27,1.0,1.79472469693,0.0,0.0,0.0,2.3592684729,1.74381032841
2016-04-11,1.524,1.0,1.70048273316,0.0,0.0,0.0,3.91724933695,2.89536351254
2016-04-12,1.524,1.0,1.71080119635,0.0,0.0,0.0,3.5429413934,2.61870061238
2016-04-13,0.0,1.0,1.64476303195,0.0,0.0,0.0,3.24315071288,2.3971157902
2016-04-14,0.254,1.0,1.60899235957,0.0,0.0,0.0,3.04838008053,2.25315462415
2016-04-15,0.0,1.0,1.57803697001,0.0,0.0,0.0,3.05320890036,2.2567237584
2016-04-16,0.254,1.0,1.54089050254,0.0,0.0,0.0,4.19625414777,3.10158483766
2016-04-17,0.0,1.0,1.51062301053,0.0,0.0,0.0,5.31869097231,3.93121357644
2016-04-18,0.254,1.0,1.39643201793,0.0,0.0,0.0,6.20322789406,4.58500293434
2016-04-19,0.0,0.0,1.40743837866,0.0,0.0,0.0,6.04141783822,4.46540397819
2016-04-20,0.0,0.0,1.43770587068,0.0,0.0,0.0,6.10867841285,4.51511840709
2016-04-21,0.0,0.0,1.40468678848,0.0,0.0,0.0,4.73174543865,3.49738347377
2016-04-22,0.0,0.0,1.30562954189,0.0,0.0,0.0,3.51073028059,2.59489235492
2016-04-23,2.794,1.0,1.43633007558,0.0,0.0,0.0,4.34219606288,3.20945514654
2016-04-24,0.0,0.0,1.34415180445,0.0,0.0,0.0,5.51936456004,4.07953780445
2016-04-25,0.0,0.0,1.3118206198,0.0,0.0,0.0,5.44764284608,4.02652600566
2016-04-26,0.0,0.0,1.28155312778,0.0,0.0,0.0,6.24172167029,4.61345490805
2016-04-27,0.0,0.0,1.37717088665,0.0,0.0,0.0,1.85709406571,1.37263726015
2016-04-28,4.572,1.0,1.57459748229,0.0,0.0,0.0,2.04178773465,1.5091502222
2016-04-29,1.524,1.0,1.45146382159,0.0,0.0,0.0,1.0057808898,0.743404628973
2016-04-30,0.508,1.0,1.37854668174,0.0,0.0,0.0,2.34118608764,1.73044506263
2016-05-01,13.462,1.0,1.88896666071,0.0,0.0,0.0,0.934495992793,0.690715695482
2016-05-02,14.478,1.0,2.24392179433,0.0,0.0,0.0,2.45148544468,1.81197082379
2016-05-03,3.81,1.0,1.70392222089,0.0,0.0,0.0,1.63962991222,1.21190259122
2016-05-04,4.064,1.0,1.71974386444,0.0,0.0,0.0,1.16157159476,0.858554491527
2016-05-05,0.762,1.0,1.50374403507,0.0,0.0,0.0,1.13937951206,0.842151617726
2016-05-06,29.972,1.0,3.05426510325,0.0,0.0,0.0,0.688925589657,0.509206803951
2016-05-07,0.0,1.0,2.04787099378,0.0,0.0,0.0,2.98156289528,2.20376791845
2016-05-08,0.0,0.0,1.75345084419,0.0,0.0,0.0,5.70968415626,4.22020906819
2016-05-09,0.0,0.0,1.69016426998,0.0,0.0,0.0,3.56453386681,2.63466029589
2016-05-10,1.524,1.0,1.53401152708,0.0,0.0,0.0,2.25412060937,1.66609219987
2016-05-11,5.334,1.0,1.60280128166,0.0,0.0,0.0,1.04146746651,0.76978171228
2016-05-12,0.0,1.0,1.48448290379,0.0,0.0,0.0,1.39412007959,1.03043846928
2016-05-13,4.318,1.0,1.55258476082,0.0,0.0,0.0,4.03564406914,2.98287282282
2016-05-14,2.54,1.0,1.52988414181,0.0,0.0,0.0,4.79501641382,3.54414906288
2016-05-15,0.0,1.0,1.47347654306,0.0,0.0,0.0,4.63690127819,3.42728113973
2016-05-16,0.0,0.0,1.40743837866,0.0,0.0,0.0,5.50229839276,4.06692365769
2016-05-17,4.318,1.0,1.5147503958,0.0,0.0,0.0,1.22242364954,0.903532179672
2016-05-18,0.254,1.0,1.45146382159,0.0,0.0,0.0,3.54234666054,2.61826102642
2016-05-19,0.0,1.0,1.41018996884,0.0,0.0,0.0,5.7926987613,4.28156780177
2016-05-20,0.0,0.0,1.31457220998,0.0,0.0,0.0,5.74196034164,4.24406542285
2016-05-21,10.414,1.0,1.64201144177,0.0,0.0,0.0,2.2894746239,1.6922234759
2016-05-22,7.62,1.0,1.80710685276,0.0,0.0,0.0,1.41183862462,1.04353480917
2016-05-23,6.35,1.0,1.67640631906,0.0,0.0,0.0,4.49954858735,3.32575939955
2016-05-24,0.0,1.0,1.44940012895,0.0,0.0,0.0,6.93928552305,5.12904652686
2016-05-25,0.0,0.0,1.29255948852,0.0,0.0,0.0,8.8710388868,6.55686684759
2016-05-26,0.0,0.0,1.27261045969,0.0,0.0,0.0,6.8680683722,5.07640766671
2016-05-27,0.0,0.0,1.17011372537,0.0,0.0,0.0,7.02736340707,5.1941476909
2016-05-28,0.0,0.0,1.0593622205,0.0,0.0,0.0,6.06741138027,4.48461663145
2016-05-29,6.604,1.0,1.16048315973,0.0,0.0,0.0,6.33309793796,4.68099401229
2016-05-30,0.0,1.0,1.13984623335,0.0,0.0,0.0,4.5246270805,3.34429571106
2016-05-31,0.254,1.0,1.07862335178,0.0,0.0,0.0,6.82629924395,5.0455347762
2016-06-01,0.0,0.0,1.07312017141,0.0,0.0,0.0,7.19019648487,5.31450279509
2016-06-02,0.0,0.0,1.13090356526,0.0,0.0,0.0,3.39025574577,2.50584579641
2016-06-03,3.048,1.0,1.26297989405,0.0,0.0,0.0,1.2786602063,0.945098406512
2016-06-04,0.0,1.0,1.14534941372,0.0,0.0,0.0,3.97682477182,2.93939761033
2016-06-05,16.256,1.0,1.6695273436,0.0,0.0,0.0,3.15277347356,2.33031509956
2016-06-06,0.254,1.0,1.20038121738,0.0,0.0,0.0,7.23964551313,5.35105214384
2016-06-07,1.778,1.0,1.16529844255,0.0,0.0,0.0,8.10068165123,5.98747132546
2016-06-08,1.524,1.0,1.12540038489,0.0,0.0,0.0,6.99706338749,5.1717519832
2016-06-09,0.0,0.0,1.06005011804,0.0,0.0,0.0,8.82874164907,6.52560361457
2016-06-10,0.0,0.0,1.0339100113,0.0,0.0,0.0,8.51968883196,6.29717285279
2016-06-11,0.0,0.0,0.996075646286,0.0,0.0,0.0,9.56860797177,7.07246233369
2016-06-12,0.0,0.0,0.934852764712,0.0,0.0,0.0,16.4884162333,12.1871125974
2016-06-13,0.0,0.0,0.895642604603,0.0,0.0,0.0,9.81189967623,7.25228696659
2016-06-14,0.0,0.0,0.82272546475,0.0,0.0,0.0,8.1887850156,6.05259132284
2016-06-15,10.668,1.0,1.10407556097,0.0,0.0,0.0,3.29308410952,2.43402315101
2016-06-16,4.064,1.0,1.19969331984,0.0,0.0,0.0,1.94999688708,1.44130468877
2016-06-17,0.508,1.0,1.04629216713,0.0,0.0,0.0,7.64633551186,5.65164965039
2016-06-18,0.0,0.0,0.940355945078,0.0,0.0,0.0,8.184495247,6.04942061849
2016-06-19,0.0,0.0,0.882572551233,0.0,0.0,0.0,10.7946844357,7.9786944246
2016-06-20,0.0,0.0,0.803464333469,0.0,0.0,0.0,10.9976278998,8.12869639038
2016-06-21,10.922,1.0,0.909400555518,0.0,0.0,0.0,5.08787529494,3.76061037177
2016-06-22,0.0,1.0,0.868126702772,0.0,0.0,0.0,8.12570939789,6.00597012864
2016-06-23,43.942,1.0,3.04050715234,0.0,0.0,0.0,4.28087209084,3.16412864934
2016-06-24,17.272,1.0,2.02035509195,0.0,0.0,0.0,2.15747310275,1.59465695535
2016-06-25,0.0,1.0,1.41362945657,0.0,0.0,0.0,7.82954088771,5.78706256771
2016-06-26,0.0,0.0,1.26091620141,0.0,0.0,0.0,7.61786186526,5.63060387303
2016-06-27,6.858,1.0,1.38955304247,0.0,0.0,0.0,5.37663933288,3.97404505188
2016-06-28,12.954,1.0,1.77202407792,0.0,0.0,0.0,3.70679859345,2.73981267789
2016-06-29,0.254,1.0,1.35378237009,0.0,0.0,0.0,7.46905937057,5.52061921884
2016-06-30,0.0,0.0,1.10407556097,0.0,0.0,0.0,6.92176323292,5.1160952452
2016-07-01,0.0,0.0,1.0669290935,0.0,0.0,0.0,6.27491560959,4.63798960381
2016-07-02,0.0,0.0,1.03459790885,0.0,0.0,0.0,6.66670509835,4.92757366976
2016-07-03,0.0,0.0,1.0428526794,0.0,0.0,0.0,4.94342639789,3.65384359999
2016-07-04,10.16,1.0,1.3193874928,0.0,0.0,0.0,1.3558414306,1.00214550295
2016-07-05,4.064,1.0,1.33727282899,0.0,0.0,0.0,6.78278597614,5.0133727367
2016-07-06,0.0,0.0,0.955489691085,0.0,0.0,0.0,7.67361497698,5.67181277026
2016-07-07,0.0,0.0,0.906648965335,0.0,0.0,0.0,7.24898768712,5.35795724162
2016-07-08,14.732,1.0,1.18731116401,0.0,0.0,0.0,6.35666003144,4.69840950461
2016-07-09,0.0,1.0,0.965120256726,0.0,0.0,0.0,8.47166205512,6.26167473528
2016-07-10,0.0,0.0,0.862623522405,0.0,0.0,0.0,9.43300726156,6.97223553809
2016-07-11,0.0,0.0,0.858496137131,0.0,0.0,0.0,7.75522467346,5.73213309127
2016-07-12,0.0,0.0,0.832356030391,0.0,0.0,0.0,7.55085184188,5.58107463453
2016-07-13,12.192,1.0,1.09444499533,0.0,0.0,0.0,4.06665623519,3.00579490061
2016-07-14,0.0,1.0,0.947234920536,0.0,0.0,0.0,8.20234136154,6.06261124907
2016-07-15,0.0,0.0,0.883260448779,0.0,0.0,0.0,9.12498191487,6.74456421237
2016-07-16,0.0,0.0,0.859871932222,0.0,0.0,0.0,7.03506143733,5.19983754978
2016-07-17,0.0,0.0,0.846113981307,0.0,0.0,0.0,7.16856961965,5.2985176915
2016-07-18,7.112,1.0,0.957553383723,0.0,0.0,0.0,7.23341565386,5.34644745681
2016-07-19,0.0,1.0,0.920406916251,0.0,0.0,0.0,7.36942457014,5.4469759705
2016-07-20,0.0,0.0,0.828916542662,0.0,0.0,0.0,8.06266612819,5.95937284389
2016-07-21,0.0,0.0,0.820661772113,0.0,0.0,0.0,7.66208845007,5.6632931478
2016-07-22,0.0,0.0,0.764254173359,0.0,0.0,0.0,7.65428294348,5.65752384975
2016-07-23,0.0,0.0,0.767693661088,0.0,0.0,0.0,9.91056927867,7.32521680642
2016-07-24,0.0,0.0,0.768381558634,0.0,0.0,0.0,8.60445336198,6.35982501156
2016-07-25,0.0,0.0,0.742241451894,0.0,0.0,0.0,8.0359095216,5.93959618537
2016-07-26,0.0,0.0,0.76906945618,0.0,0.0,0.0,6.60583110895,4.88257976904
2016-07-27,0.0,0.0,0.724356115704,0.0,0.0,0.0,8.20170099576,6.06213793436
2016-07-28,16.51,1.0,1.18249588119,0.0,0.0,0.0,4.15383887354,3.07023436011
2016-07-29,26.162,1.0,2.48606173044,0.0,0.0,0.0,6.72879838354,4.97346879076
2016-07-30,36.068,1.0,2.44960316052,0.0,0.0,0.0,4.8585980832,3.59114429595
2016-07-31,0.0,1.0,1.21482706584,0.0,0.0,0.0,5.69684623669,4.21072015372
2016-08-01,1.27,1.0,1.07862335178,0.0,0.0,0.0,4.23205862286,3.12804906341
2016-08-02,21.59,1.0,1.02978262603,0.0,0.0,0.0,6.02470083379,4.45304790879
2016-08-03,0.0,1.0,0.958241281269,0.0,0.0,0.0,6.19636944378,4.5799336357
2016-08-04,0.0,0.0,0.951362305811,0.0,0.0,0.0,6.98055062479,5.15954687536
2016-08-05,0.0,0.0,0.934852764712,0.0,0.0,0.0,3.57391782261,2.64159627593
2016-08-06,0.762,1.0,0.97750241255,0.0,0.0,0.0,5.35092872168,3.95504152182
2016-08-07,0.254,1.0,0.914903735885,0.0,0.0,0.0,8.62901687451,6.37798068453
2016-08-08,0.0,0.0,0.89289101442,0.0,0.0,0.0,3.02177608659,2.2334907665
2016-08-09,0.0,0.0,0.876381473321,0.0,0.0,0.0,4.02799044633,2.9772157869
2016-08-10,0.0,0.0,0.806215923652,0.0,0.0,0.0,6.41223687456,4.73948811613
2016-08-11,0.0,0.0,0.777324226729,0.0,0.0,0.0,7.89766488239,5.8374151778
2016-08-12,4.826,1.0,0.88463624387,0.0,0.0,0.0,8.72157703171,6.44639483916
2016-08-13,0.0,1.0,0.813782796655,0.0,0.0,0.0,7.48583684687,5.53301998492
2016-08-14,11.938,1.0,1.03459790885,0.0,0.0,0.0,8.80736859445,6.50980611046
2016-08-15,9.652,1.0,1.2471582505,0.0,0.0,0.0,6.8555141438,5.0671284374
2016-08-16,4.064,1.0,0.902521580061,0.0,0.0,0.0,6.16721334988,4.55838343984
2016-08-17,9.906,1.0,0.901145784969,0.0,0.0,0.0,7.85232025755,5.8038995241
2016-08-18,0.254,1.0,0.844050288669,0.0,0.0,0.0,6.20511561704,4.5863982104
2016-08-19,0.0,0.0,0.699591804056,0.0,0.0,0.0,7.35222803712,5.43426546627
2016-08-20,0.0,0.0,0.640432615119,0.0,0.0,0.0,7.32813004619,5.41645387511
2016-08-21,6.604,1.0,0.97268712973,0.0,0.0,0.0,3.08866224028,2.28292844898
2016-08-22,0.0,1.0,0.674139594862,0.0,0.0,0.0,7.12443981898,5.26589995296
2016-08-23,0.0,0.0,0.590216094277,0.0,0.0,0.0,6.06388873515,4.48201293246
2016-08-24,0.0,0.0,0.509044183876,0.0,0.0,0.0,5.77308894966,4.2670735666
2016-08-25,0.0,0.0,0.467082433583,0.0,0.0,0.0,4.67650332073,3.4565522683
2016-08-26,0.0,0.0,0.454700277759,0.0,0.0,0.0,6.15506864235,4.54940690043
2016-08-27,0.0,0.0,0.465706638492,0.0,0.0,0.0,7.42975829833,5.49157054698
2016-08-28,0.0,0.0,0.453324482668,0.0,0.0,0.0,7.00725675599,5.1792862259
2016-08-29,0.0,0.0,0.407235347101,0.0,0.0,0.0,7.35756373536,5.43820925046
2016-08-30,0.0,0.0,0.380407342815,0.0,0.0,0.0,8.06270072058,5.95939841223
2016-08-31,10.16,1.0,0.440254429298,0.0,0.0,0.0,6.56723334624,4.85405093561
2016-09-01,3.81,1.0,0.608789328013,0.0,0.0,0.0,3.70629518655,2.73944059384
2016-09-02,0.0,0.0,0.40242006428,0.0,0.0,0.0,6.81427123595,5.03664449312
2016-09-03,0.0,0.0,0.430623863657,0.0,0.0,0.0,6.89399141371,5.09556821077
2016-09-04,0.0,0.0,0.408611142192,0.0,0.0,0.0,6.58643226154,4.86824146423
2016-09-05,0.0,0.0,0.355643031167,0.0,0.0,0.0,6.22765433748,4.60305729517
2016-09-06,0.0,0.0,0.328815026882,0.0,0.0,0.0,8.72752587751,6.4507918202
2016-09-07,0.0,0.0,0.344636670435,0.0,0.0,0.0,8.19340395627,6.05600532872
2016-09-08,0.0,0.0,0.318496563695,0.0,0.0,0.0,8.13263005939,6.01108540956
2016-09-09,0.0,0.0,0.301987022596,0.0,0.0,0.0,6.65833427654,4.92138652925
2016-09-10,0.0,0.0,0.290980661864,0.0,0.0,0.0,8.18571480303,6.05032203113
2016-09-11,0.0,0.0,0.290980661864,0.0,0.0,0.0,7.63875735816,5.64604839609
2016-09-12,0.0,0.0,0.304050715234,0.0,0.0,0.0,8.13039229586,6.00943140739
2016-09-13,0.0,0.0,0.297859637322,0.0,0.0,0.0,6.62656436213,4.89790437556
2016-09-14,0.0,0.0,0.277910608494,0.0,0.0,0.0,8.35986242817,6.17904007694
2016-09-15,0.0,0.0,0.289604866772,0.0,0.0,0.0,7.08631129832,5.23771795125
2016-09-16,0.0,0.0,0.276534813403,0.0,0.0,0.0,6.56502464102,4.85241841137
2016-09-17,0.0,0.0,0.257961579667,0.0,0.0,0.0,4.53443188731,3.35154275547
2016-09-18,0.0,0.0,0.266216350216,0.0,0.0,0.0,3.74751627493,2.76990841067
2016-09-19,5.334,1.0,0.412050629921,0.0,0.0,0.0,0.907284324177,0.670602686162
2016-09-20,0.0,1.0,0.350827748347,0.0,0.0,0.0,2.3409791046,1.73029207489
2016-09-21,0.254,1.0,0.357706723805,0.0,0.0,0.0,3.73517692621,2.76078800577
2016-09-22,0.0,0.0,0.332254514611,0.0,0.0,0.0,5.28127511009,3.90355832324
2016-09-23,0.0,0.0,0.349451953255,0.0,0.0,0.0,5.24366578972,3.87576007897
2016-09-24,0.0,0.0,0.339133490068,0.0,0.0,0.0,2.24545329157,1.65968590975
2016-09-25,0.0,0.0,0.34532456798,0.0,0.0,0.0,4.35623301237,3.21983030214
2016-09-26,1.524,1.0,0.368025186991,0.0,0.0,0.0,1.64043261862,1.21249589704
2016-09-27,0.762,1.0,0.399668474097,0.0,0.0,0.0,3.88102540563,2.86858925336
2016-09-28,5.588,1.0,0.496662028052,0.0,0.0,0.0,2.29708412557,1.69784790049
2016-09-29,34.544,1.0,1.86695393924,0.0,0.0,0.0,0.0368857270752,0.027263413462
2016-09-30,10.668,1.0,1.29737477134,0.0,0.0,0.0,0.0813077508182,0.0600971433667
2016-10-01,12.954,1.0,1.22308183639,0.0,0.0,0.0,0.0221013075605,0.0163357790087
2016-10-02,0.0,1.0,0.850241366581,0.0,0.0,0.0,1.2842173356,0.949205857437
2016-10-03,9.906,1.0,0.887387834053,0.0,0.0,0.0,3.37625216288,2.49549530313
2016-10-04,0.0,0.0,0.603974045193,0.0,0.0,0.0,2.78421249313,2.05789996254
2016-10-05,0.0,0.0,0.569579167904,0.0,0.0,0.0,4.19340090406,3.09947591453
2016-10-06,0.0,0.0,0.573706553179,0.0,0.0,0.0,2.22506089675,1.64461324248
2016-10-07,0.0,0.0,0.548942241531,0.0,0.0,0.0,3.79722441098,2.80664927422
2016-10-08,1.016,1.0,0.564763885084,0.0,0.0,0.0,0.393754446908,0.291036428987
2016-10-09,0.0,1.0,0.567515475267,0.0,0.0,0.0,3.44685638689,2.54768112957
2016-10-10,0.0,0.0,0.533120597978,0.0,0.0,0.0,4.23851364244,3.13282017358
2016-10-11,0.0,0.0,0.572330758087,0.0,0.0,0.0,3.63821562391,2.68912082487
2016-10-12,0.0,0.0,0.517986851971,0.0,0.0,0.0,2.9200975239,2.1583369085
2016-10-13,0.0,0.0,0.495974130506,0.0,0.0,0.0,2.18219766158,1.61293166276
2016-10-14,0.0,0.0,0.42030540047,0.0,0.0,0.0,3.85085610513,2.84629016429
2016-10-15,0.0,0.0,0.406547449555,0.0,0.0,0.0,3.14784671601,2.32667357644
2016-10-16,0.0,0.0,0.370776777174,0.0,0.0,0.0,2.71764724924,2.0086994747
2016-10-17,0.0,0.0,0.360458313988,0.0,0.0,0.0,4.70987129885,3.48121560168
2016-10-18,0.0,0.0,0.362522006625,0.0,0.0,0.0,4.25533534631,3.14525362966
2016-10-19,0.0,0.0,0.365961494354,0.0,0.0,0.0,4.78236158519,3.53479547675
2016-10-20,0.0,0.0,0.440942326844,0.0,0.0,0.0,4.49621901468,3.32329840654
2016-10-21,24.638,1.0,0.868126702772,0.0,0.0,0.0,4.00200999028,2.95801280592
2016-10-22,0.0,1.0,0.386598420727,0.0,0.0,0.0,4.55967188749,3.37019844197
2016-10-23,0.0,0.0,0.38935001091,0.0,0.0,0.0,4.36278604968,3.22467386033
2016-10-24,0.0,0.0,0.497707493435,0.0,1.0,0.0,4.09746393265,3.02856584916
2016-10-25,0.0,0.0,0.564075987538,0.0,0.0,0.0,3.42148983228,2.52893190267
2016-10-26,0.0,0.0,0.559260704717,0.0,0.0,0.0,2.73266276895,2.01979792265
2016-10-27,4.826,1.0,0.695464418781,0.0,0.0,0.0,1.30511518724,0.964652123914
2016-10-28,0.254,1.0,0.672075902225,0.0,0.0,0.0,2.97692500138,2.20033990363
2016-10-29,0.0,0.0,0.597095069735,0.0,0.0,0.0,3.02134173139,2.23316972077
2016-10-30,4.064,1.0,0.671388004679,0.0,0.0,0.0,4.86229941066,3.59388006474
2016-10-31,0.0,1.0,0.498037823143,0.0,0.0,0.0,2.4273559654,1.79413595858
2016-11-01,0.0,0.0,0.527617417612,0.0,0.0,0.0,1.33189764331,0.984447888602
2016-11-02,0.0,0.0,0.498725720689,0.0,0.0,0.0,2.28190157854,1.68662599732
2016-11-03,0.254,1.0,0.511795774059,0.0,0.0,0.0,1.82078047629,1.34579673182
2016-11-04,0.0,0.0,0.470521921312,0.0,0.0,0.0,2.67702072084,1.97867111606
2016-11-05,0.0,0.0,0.460203458125,0.0,0.0,0.0,2.83970767414,2.09891821499
2016-11-06,0.0,0.0,0.47740089677,0.0,0.0,0.0,3.43933069088,2.54211864841
2016-11-07,0.0,0.0,0.481528282045,0.0,0.0,0.0,2.63131573762,1.94488911002
2016-11-08,0.0,0.0,0.489783052594,0.0,0.0,0.0,3.02551144262,2.2362516869
2016-11-09,5.334,1.0,0.73811406662,0.0,0.0,0.0,1.17365227769,0.867483708318
2016-11-10,0.0,1.0,0.460891355671,0.0,0.0,0.0,2.23941742189,1.6552246066
2016-11-11,0.0,0.0,0.444381814573,0.0,0.0,0.0,2.67294461777,1.97565833871
2016-11-12,0.0,0.0,0.432687556294,0.0,0.0,0.0,2.0597038742,1.52239261048
2016-11-13,0.0,0.0,0.438878634206,0.0,0.0,0.0,2.69268629532,1.99025004016
2016-11-14,0.0,0.0,0.456763970397,0.0,0.0,0.0,1.96130717759,1.44966448403
2016-11-15,1.524,1.0,0.451948687576,0.0,0.0,0.0,3.34500089464,2.47239649731
2016-11-16,0.0,0.0,0.440942326844,0.0,0.0,0.0,2.28929034503,1.69208726952
2016-11-17,0.0,0.0,0.453324482668,0.0,0.0,0.0,1.85959231073,1.37448379246
2016-11-18,0.0,0.0,0.423744888199,0.0,0.0,0.0,2.53551933971,1.874082947
2016-11-19,1.524,1.0,0.460891355671,0.0,0.0,0.0,2.00080103558,1.47885564997
2016-11-20,0.0,1.0,0.458827663034,0.0,0.0,0.0,1.79608073021,1.3275403643
2016-11-21,0.0,0.0,0.489810290723,0.0,2.0,0.0,2.04803559945,1.51376821769
2016-11-22,0.0,0.0,0.528993212703,0.0,0.0,0.0,1.77987464172,1.31556192911
2016-11-23,0.0,0.0,0.478776691861,0.0,0.0,0.0,1.51368737212,1.11881445618
2016-11-24,0.0,0.0,0.449197097393,0.0,0.0,0.0,1.18367779346,0.874893885731
2016-11-25,0.0,0.0,0.463642945854,0.0,0.0,0.0,0.817236280796,0.604045314712
2016-11-26,0.0,0.0,0.462267150763,0.0,0.0,0.0,0.93923495808,0.694218415376
2016-11-27,0.0,0.0,0.462267150763,0.0,0.0,0.0,1.2877713207,0.951832720799
2016-11-28,0.0,0.0,0.420993298016,0.0,0.0,0.0,0.980838042309,0.724968577472
2016-11-29,24.892,1.0,1.69566745034,0.0,0.0,0.0,0.382733455268,0.282890463713
2016-11-30,29.464,1.0,1.56496691664,0.0,0.0,0.0,0.0,0.0
2016-12-01,0.762,1.0,0.577146040908,0.0,0.0,0.0,1.26500022637,0.935001881099
2016-12-02,0.0,0.0,0.34532456798,0.0,0.0,0.0,1.60292479648,1.18477267334
2016-12-03,0.0,0.0,0.368025186991,0.0,0.0,0.0,1.37138208027,1.01363209115
2016-12-04,0.0,0.0,0.391413703548,0.0,0.0,0.0,0.875300985451,0.646962783773
2016-12-05,4.064,1.0,0.457451867942,0.0,0.0,0.0,0.845155495745,0.62468129402
2016-12-06,11.684,1.0,0.822037567205,0.0,0.0,0.0,0.373035945729,0.275722726134
2016-12-07,2.286,1.0,0.542196699005,0.0,2.0,0.0,0.775820426256,0.57343354003
2016-12-08,0.0,1.0,0.427184375928,0.0,0.0,0.0,0.791401819106,0.584950242811
2016-12-09,0.0,0.0,0.429248068565,0.0,0.0,0.0,0.599537729363,0.443137394808
2016-12-10,0.0,0.0,0.441630224389,0.0,0.0,0.0,0.844848454772,0.624454350276
2016-12-11,0.0,0.0,0.425808580837,0.0,0.0,0.0,0.481760591292,0.356084567977
2016-12-12,4.064,1.0,0.505604696147,0.0,0.0,0.0,0.364523638915,0.269431009565
2016-12-13,0.0,1.0,0.39760478146,0.0,0.0,0.0,0.650003172116,0.480438007821
2016-12-14,0.0,0.0,0.364595220315,0.0,0.0,1.0,0.686287172946,0.507256666286
2016-12-15,0.0,0.0,0.375434962287,0.0,0.0,96.0,0.743968783004,0.549890977953
2016-12-16,0.0,0.0,0.463181173783,0.0,0.0,96.0,0.492614161425,0.364106786693
2016-12-17,12.7,1.0,0.550927385349,0.0,0.0,95.0,0.394160923277,0.291336868593
2016-12-18,5.842,1.0,1.09513289288,0.0,0.0,0.0,0.506442125369,0.374327474429
2016-12-19,0.0,1.0,0.381783137907,0.0,0.0,0.0,0.613023078792,0.453104845265
2016-12-20,0.0,0.0,0.359770416442,0.0,0.0,0.0,0.479405741485,0.354344023625
2016-12-21,0.0,0.0,0.355643031167,0.0,0.0,0.0,0.631962595226,0.467103643939
2016-12-22,0.254,1.0,0.354267236076,0.0,0.0,0.0,1.08185312388,0.799632035486
2016-12-23,0.0,1.0,0.396228986368,0.0,0.0,0.0,0.883126450292,0.652746833605
2016-12-24,7.62,1.0,0.649375283214,0.0,0.0,0.0,0.358536317088,0.265005589668
2016-12-25,1.524,1.0,0.41549011765,0.0,0.0,0.0,0.52428441146,0.387515275277
2016-12-26,0.0,1.0,0.400356371643,0.0,0.0,0.0,0.114447698539,0.084591932231
2016-12-27,0.762,1.0,0.398292679005,0.0,0.0,0.0,1.30276981102,0.962918581792
2016-12-28,0.0,1.0,0.396228986368,0.0,0.0,0.0,0.741287599776,0.547909230195
2016-12-29,1.778,1.0,0.456076072851,0.0,0.0,0.0,0.497880341515,0.367999187807
2016-12-30,0.0,1.0,0.354267236076,0.0,0.0,0.0,0.742025800145,0.548454857555
2016-12-31,0.254,1.0,0.361146211533,0.0,0.0,0.0,0.633973699688,0.46859011518
2017-01-01,1.016,1.0,0.394165293731,0.0,0.0,0.0,0.916214973623,0.677203613068
2017-01-02,8.382,1.0,0.652814770943,0.0,0.0,0.0,0.274825960717,0.20313260416
2017-01-03,16.256,1.0,1.11301822907,0.0,0.0,0.0,0.0265599951078,0.0196313367145
2017-01-04,2.54,1.0,0.557884909626,0.0,0.0,0.0,0.820597685426,0.606529835731
2017-01-05,0.0,1.0,0.47740089677,0.0,0.0,0.0,0.439227907253,0.324647309109
2017-01-06,0.0,0.0,0.451952977993,0.0,0.0,1.0,0.326407759568,0.241258351453
2017-01-07,0.0,0.0,0.482655232538,0.0,0.0,96.0,0.225188957939,0.166444317469
2017-01-08,0.0,0.0,0.522195755168,0.0,0.0,96.0,0.3931045302,0.290556054888
2017-01-09,0.0,0.0,0.561736277799,0.0,0.0,96.0,0.329208726942,0.243328635481
2017-01-10,0.762,1.0,0.601276800429,0.0,0.0,96.0,0.372883405025,0.275609978451
2017-01-11,6.858,1.0,0.64081732306,0.0,0.0,95.0,0.56600033678,0.418348841811
2017-01-12,3.048,1.0,0.405859552009,0.0,0.0,0.0,0.679228111201,0.502039089346
2017-01-13,0.0,1.0,0.330190821973,0.0,0.0,0.0,0.839672529073,0.620628659051
2017-01-14,0.0,0.0,0.357706723805,0.0,0.0,0.0,0.366256128655,0.270711547807
2017-01-15,1.778,1.0,0.332942412156,0.0,0.0,0.0,0.359931574416,0.266036868714
2017-01-16,0.0,1.0,0.330190821973,0.0,0.0,0.0,0.285877306852,0.211301005405
2017-01-17,4.826,1.0,0.387974215819,0.0,0.0,0.0,0.196001089748,0.144870636219
2017-01-18,1.778,1.0,0.337757694977,0.0,0.0,0.0,0.4714185369,0.348440426807
2017-01-19,0.0,1.0,0.330190821973,0.0,0.0,0.0,0.503769089072,0.372351748327
2017-01-20,0.0,0.0,0.330190821973,0.0,0.0,0.0,0.0312119169163,0.0230697200057
2017-01-21,0.762,1.0,0.330190821973,0.0,0.0,0.0,0.0,0.0
2017-01-22,2.286,1.0,0.352203543438,0.0,0.0,0.0,0.0801199961052,0.0592192361002
2017-01-23,14.732,1.0,0.897018399694,0.0,0.0,0.0,0.0922200626197,0.0681627799167
2017-01-24,2.286,1.0,0.447821302301,0.0,0.0,0.0,0.345359266953,0.255266013021
2017-01-25,1.524,1.0,0.33569400234,0.0,0.0,0.0,0.980072260877,0.724402564072
2017-01-26,0.0,1.0,0.330190821973,0.0,0.0,0.0,0.831055866983,0.614259810181
2017-01-27,0.0,0.0,0.330190821973,0.0,0.0,0.0,0.918129952982,0.678619035189
2017-01-28,0.0,0.0,0.330190821973,0.0,0.0,0.0,0.736735573712,0.544544683024
2017-01-29,0.0,0.0,0.330190821973,0.0,0.0,0.0,0.563521858978,0.416516920078
2017-01-30,0.0,0.0,0.330190821973,0.0,0.0,0.0,0.4581485934,0.33863218972
2017-01-31,0.0,0.0,0.330190821973,0.0,0.0,0.0,0.740363609581,0.547226279669
2017-02-01,0.0,0.0,0.32743923179,0.0,0.0,0.0,0.58132298364,0.429674297205
2017-02-02,0.0,0.0,0.321248153878,0.0,0.0,0.0,0.780701625369,0.577041389465
2017-02-03,0.0,0.0,0.326063436699,0.0,0.0,0.0,0.61496389455,0.454539363889
2017-02-04,0.0,0.0,0.310929690692,0.0,0.0,0.0,0.63423239265,0.468781323371
2017-02-05,0.0,0.0,0.330190821973,0.0,0.0,0.0,0.63045601184,0.465990080265
2017-02-06,0.0,0.0,0.312305485783,0.0,0.0,0.0,0.881110949064,0.651257112576
2017-02-07,0.0,0.0,0.268967940399,0.0,0.0,0.0,0.974725719782,0.720450765585
2017-02-08,0.0,0.0,0.208432956371,0.0,0.0,0.0,1.20386235801,0.88981293905
2017-02-09,6.35,1.0,0.438878634206,1.0,0.0,0.0,0.469590339787,0.347089148203
2017-02-10,0.0,1.0,0.264427816597,96.0,0.0,0.0,0.534922518193,0.395378238144
2017-02-11,2.032,1.0,0.238150130348,96.0,0.0,0.0,0.883477910881,0.653006609299
2017-02-12,5.334,1.0,0.461510463462,96.0,0.0,0.0,0.387737074858,0.286588798015
2017-02-13,0.508,1.0,0.280730988432,96.0,0.0,0.0,0.631964579195,0.467105110354
2017-02-14,0.0,1.0,0.269930996963,96.0,0.0,0.0,0.504683585439,0.373027681663
2017-02-15,0.254,1.0,0.267867304326,96.0,0.0,0.0,0.69564913612,0.514176390881
2017-02-16,0.0,1.0,0.272338638373,96.0,0.0,0.0,0.668834689502,0.494356980966
2017-02-17,0.0,0.0,0.279148824077,96.0,0.0,0.0,0.727990765279,0.538081117118
2017-02-18,2.032,1.0,0.270274945736,96.0,0.0,0.0,1.46583648192,1.08344634207
2017-02-19,0.0,1.0,0.260162851813,96.0,0.0,0.0,2.00311747323,1.48056780267
2017-02-20,0.0,0.0,0.233678796301,96.0,0.0,0.0,1.39622798006,1.03199648553
2017-02-21,0.0,0.0,0.207057161279,96.0,0.0,0.0,0.963029097419,0.711805420166
2017-02-22,0.0,0.0,0.196876277602,96.0,0.0,0.0,1.03693969715,0.766435094013
2017-02-23,0.254,1.0,0.193987107909,96.0,0.0,0.0,1.41669694975,1.04712575172
2017-02-24,0.0,0.0,0.193299210364,96.0,0.0,0.0,1.19369975434,0.882301435616
2017-02-25,5.588,1.0,0.332873622402,96.0,0.0,0.0,1.01177060944,0.74783182117
2017-02-26,0.0,1.0,0.279080034322,96.0,0.0,0.0,1.00365900417,0.741836275853
2017-02-27,0.0,0.0,0.260644380095,96.0,0.0,0.0,1.06508169695,0.787235740689
2017-02-28,2.286,1.0,0.26401507807,96.0,0.0,0.0,1.27100449777,0.939439828962
2017-03-01,7.874,1.0,0.565589362139,96.0,0.0,0.0,1.23201060095,0.910618200227
2017-03-02,0.0,1.0,0.314094019402,96.0,0.0,0.0,1.66099227736,1.2276921944
2017-03-03,0.0,0.0,0.26071316985,96.0,0.0,0.0,1.18087640802,0.872823292702
2017-03-04,0.0,0.0,0.245373054579,96.0,0.0,0.0,1.02149148161,0.755016826813
2017-03-05,0.0,0.0,0.261401067396,96.0,0.0,0.0,1.32322556217,0.97803807775
2017-03-06,0.0,0.0,0.243997259487,96.0,0.0,0.0,1.31068444801,0.968768541598
2017-03-07,1.524,1.0,0.265666032179,96.0,0.0,0.0,1.48985511301,1.10119927585
2017-03-08,1.016,1.0,0.251908081264,96.0,0.0,0.0,2.49357934948,1.84308376697
2017-03-09,0.254,1.0,0.208845694898,96.0,0.0,0.0,4.08000004132,3.01565773191
2017-03-10,2.794,1.0,0.356399718468,96.0,0.0,0.0,1.12450894443,0.83116030846
2017-03-11,0.0,1.0,0.29978575045,96.0,0.0,0.0,1.16439228525,0.86063935354
2017-03-12,0.0,0.0,0.318083825168,96.0,0.0,0.0,1.16915406523,0.864158936495
2017-03-13,2.286,1.0,0.299854540205,96.0,0.0,0.0,0.881636340488,0.651645446079
2017-03-14,34.29,1.0,0.445207291627,96.0,0.0,0.0,0.587420080489,0.434180855311
2017-03-15,0.254,1.0,0.34546214749,96.0,0.0,0.0,0.846140535151,0.625409367959
2017-03-16,0.0,1.0,0.362865955398,96.0,0.0,0.0,1.23057792062,0.909559260648
2017-03-17,0.508,1.0,0.61670014979,96.0,0.0,0.0,1.53193794216,1.13230403267
2017-03-18,2.286,1.0,1.25967798583,96.0,0.0,0.0,1.06915494997,0.790246411479
2017-03-19,6.604,1.0,1.45208292938,96.0,0.0,0.0,1.06298559005,0.785686441443
2017-03-20,0.0,1.0,0.819767505304,96.0,0.0,0.0,1.33123960436,0.983961511092
2017-03-21,0.762,1.0,0.579347313054,96.0,0.0,0.0,1.96940159834,1.45564732772
2017-03-22,0.0,1.0,0.476300260697,96.0,0.0,0.0,2.14828635515,1.58786673815
2017-03-23,0.0,0.0,0.471347398367,96.0,0.0,0.0,1.96850322094,1.45498330843
2017-03-24,0.0,0.0,0.450572892485,96.0,0.0,0.0,2.10117181758,1.55304288568
2017-03-25,1.27,1.0,0.394027714222,96.0,0.0,0.0,3.46249209986,2.55923798208
2017-03-26,0.0,1.0,0.399530894588,96.0,0.0,0.0,0.730182622445,0.539701188427
2017-03-27,1.778,1.0,0.47499325536,96.0,0.0,0.0,1.81233177457,1.3395520278
2017-03-28,1.524,1.0,0.434338510404,96.0,0.0,0.0,1.39859551974,1.03374640936
2017-03-29,0.0,1.0,0.320560256332,96.0,0.0,0.0,2.82353593781,2.08696517058
2017-03-30,0.0,0.0,0.323724585043,96.0,0.0,0.0,1.52296609971,1.12567265871
2017-03-31,29.972,1.0,2.37379685097,96.0,0.0,0.0,0.550749569635,0.407076514999
2017-04-01,0.508,1.0,0.964432359181,96.0,0.0,0.0,1.28624375822,0.950703650813
2017-04-02,1.27,1.0,0.729308978034,96.0,0.0,0.0,3.1544310502,2.33154026715
2017-04-03,2.286,1.0,0.654878463581,96.0,0.0,0.0,2.64599277995,1.95573737858
2017-04-04,2.794,1.0,0.56696515723,96.0,0.0,0.0,4.2594041747,3.14826103007
2017-04-05,0.0,1.0,0.416384384459,96.0,0.0,0.0,4.25043414293,3.14163099444
2017-04-06,59.436,1.0,8.74090774494,96.0,0.0,0.0,1.575583892,1.16456414168
2017-04-07,0.0,1.0,2.72675708171,96.0,0.0,0.0,2.01697155674,1.49080779621
2017-04-08,1.524,1.0,1.61979235104,96.0,0.0,0.0,3.91806950074,2.89596972167
2017-04-09,0.508,1.0,1.08825391742,96.0,0.0,0.0,4.11249729844,3.03967748772
2017-04-10,0.0,1.0,0.767831240597,96.0,0.0,0.0,5.22696658556,3.86341716631
2017-04-11,0.0,0.0,0.667054250141,96.0,0.0,0.0,6.03455757927,4.46033334272
2017-04-12,0.0,0.0,0.647036431559,96.0,0.0,0.0,5.03917584683,3.72461506154
2017-04-13,0.0,0.0,0.586088709003,96.0,0.0,0.0,4.57602425081,3.38228499354
2017-04-14,0.0,0.0,0.478570322598,96.0,0.0,0.0,4.70637445094,3.47863097023
2017-04-15,0.254,1.0,0.467976700393,96.0,0.0,0.0,2.62082588084,1.93713572341
2017-04-16,0.0,1.0,0.409849357774,96.0,0.0,0.0,5.6493660073,4.17562600681
2017-04-17,4.572,1.0,0.56937279864,96.0,0.0,0.0,4.10967620003,3.03759232421
2017-04-18,0.0,0.0,0.472654403704,96.0,0.0,0.0,4.91756308876,3.63472720603
2017-04-19,0.0,0.0,0.465637848737,96.0,0.0,0.0,2.06715217817,1.52789788873
2017-04-20,14.478,1.0,0.741140815821,96.0,0.0,0.0,3.93423927016,2.90792131228
2017-04-21,1.27,1.0,0.696427475346,96.0,0.0,0.0,2.1770688687,1.6091408089
2017-04-22,7.112,1.0,0.734949737909,96.0,0.0,0.0,0.616875900543,0.4559525883
2017-04-23,0.0,1.0,0.501546100627,96.0,0.0,0.0,2.95988070403,2.18774192163
2017-04-24,1.524,1.0,0.457795816715,96.0,0.0,0.0,2.88847118749,2.13496087788
2017-04-25,15.24,1.0,1.15938252365,96.0,0.0,0.0,1.25892076043,0.93050835456
2017-04-26,0.254,1.0,0.695464418781,96.0,0.0,0.0,1.71972008507,1.27109978401
2017-04-27,0.0,0.0,0.517918062216,96.0,0.0,0.0,3.62003301561,2.67568148106
2017-04-28,0.0,0.0,0.389831539192,96.0,0.0,0.0,6.55935367635,4.8482268211
2017-04-29,1.016,1.0,0.388043005573,96.0,0.0,0.0,5.83774566861,4.31486340299
2017-04-30,0.0,0.0,0.344499090926,96.0,0.0,0.0,4.65697220271,3.44211619808
2017-05-01,0.508,1.0,0.33163540682,96.0,0.0,0.0,4.07240598919,3.01004472657
2017-05-02,0.0,1.0,0.319665989523,96.0,0.0,0.0,7.99878768341,5.91215825469
2017-05-03,0.0,0.0,0.363485063189,96.0,0.0,0.0,5.10590589172,3.77393735903
2017-05-04,2.794,1.0,0.378137280914,96.0,0.0,0.0,3.87184996754,2.86180739539
2017-05-05,41.656,1.0,2.79465256948,96.0,0.0,0.0,1.22389522984,0.904619871454
2017-05-06,0.508,1.0,0.860215880995,96.0,0.0,0.0,2.11357821673,1.56221284969
2017-05-07,0.0,1.0,0.676065707991,96.0,0.0,0.0,4.12797474055,3.05111735721
2017-05-08,0.0,0.0,0.446239137946,96.0,0.0,0.0,5.22337367408,3.86076153122
2017-05-09,0.0,0.0,0.393339816676,96.0,0.0,0.0,4.92083979598,3.6371491245
2017-05-10,0.0,0.0,0.318771722713,96.0,0.0,0.0,4.63240219202,3.42395572211
2017-05-11,8.89,1.0,0.739902600239,96.0,0.0,0.0,2.28563123329,1.68938270372
2017-05-12,2.54,1.0,0.535115500861,96.0,0.0,0.0,1.92607500311,1.42362326386
2017-05-13,18.288,1.0,1.71307125825,96.0,0.0,0.0,1.25966058,0.931055178723
2017-05-14,0.254,1.0,0.712111539389,96.0,0.0,0.0,6.15667280513,4.55059258814
2017-05-15,0.0,0.0,0.377862121896,96.0,0.0,0.0,8.48786260604,6.27364907747
2017-05-16,0.0,0.0,0.373941105885,96.0,0.0,0.0,7.35093838486,5.43331224328
2017-05-17,0.0,0.0,0.281143726959,96.0,0.0,0.0,7.97754695861,5.89645855975
2017-05-18,0.0,0.0,0.229138672499,96.0,0.0,0.0,10.6620222145,7.88063955965
2017-05-19,7.112,1.0,0.427459534946,96.0,0.0,0.0,8.23735099424,6.08848798154
2017-05-20,0.0,1.0,0.519156277799,96.0,0.0,0.0,3.67916339808,2.71938662648
2017-05-21,0.0,0.0,0.369538561592,96.0,0.0,0.0,5.39000675986,3.98392534211
2017-05-22,7.874,1.0,0.7543484487,96.0,0.0,0.0,1.65311021407,1.22186631085
2017-05-23,2.286,1.0,0.50581106541,96.0,0.0,0.0,1.92840644124,1.4253465039
2017-05-24,4.064,1.0,0.60693200464,96.0,0.0,0.0,3.20382118255,2.36804608407
2017-05-25,40.386,1.0,3.62329395312,96.0,0.0,0.0,3.61159922583,2.66944779893
2017-05-26,0.0,1.0,2.45510634088,96.0,0.0,0.0,4.52295023583,3.34305630186
2017-05-27,3.556,1.0,2.00914236195,96.0,0.0,0.0,2.31348275255,1.70996864699
2017-05-28,1.524,1.0,1.77339987302,96.0,0.0,0.0,3.8738264357,2.86326826583
2017-05-29,0.0,1.0,1.63506367656,96.0,0.0,0.0,3.11434929465,2.30191456745
2017-05-30,1.524,1.0,1.58594779179,96.0,0.0,0.0,0.796762402725,0.588912420574
2017-05-31,0.254,1.0,1.52266121758,96.0,0.0,0.0,6.90825078049,5.10610776206
2017-06-01,0.0,0.0,1.28870726226,96.0,0.0,0.0,8.06114268592,5.95824681928
2017-06-02,0.0,0.0,1.17905639346,96.0,0.0,0.0,7.445887283,5.50349199228
2017-06-03,0.0,0.0,1.15614940519,96.0,0.0,0.0,6.09945584424,4.50830171344
2017-06-04,0.0,0.0,1.0405826175,96.0,0.0,0.0,7.07096150367,5.22637243006
2017-06-05,2.286,1.0,1.2479149378,96.0,0.0,0.0,1.33754663517,0.988623238065
2017-06-06,4.572,1.0,1.18394046604,96.0,0.0,0.0,5.97496694272,4.41628800889
2017-06-07,0.254,1.0,0.977915151078,96.0,0.0,0.0,2.42606878011,1.79318455902
2017-06-08,0.0,0.0,0.85939040394,96.0,0.0,0.0,4.94718490224,3.65662163003
2017-06-09,0.0,0.0,0.653709037753,96.0,0.0,0.0,7.21225914847,5.33081001112
2017-06-10,0.0,0.0,0.514684943751,96.0,0.0,0.0,8.03032359876,5.93546745224
2017-06-11,0.0,0.0,0.356812456995,96.0,0.0,0.0,9.11222479386,6.73513501869
2017-06-12,0.0,0.0,0.247918275498,96.0,0.0,0.0,8.52990309955,6.30472254268
2017-06-13,0.0,0.0,0.179678838957,96.0,0.0,0.0,8.76336850521,6.47728424576
2017-06-14,0.0,0.0,0.173350181536,96.0,0.0,0.0,7.88068185074,5.82486247923
2017-06-15,0.0,0.0,0.162412610558,96.0,0.0,0.0,8.98860049097,6.64376036646
2017-06-16,0.0,0.0,0.162962928595,96.0,0.0,0.0,3.20999576082,2.37260991115
2017-06-17,0.762,1.0,0.197495385393,96.0,0.0,0.0,3.89221187099,2.87685752552
2017-06-18,0.0,1.0,0.156152742892,96.0,0.0,0.0,7.26193261999,5.36752525302
2017-06-19,22.86,1.0,1.40509952701,96.0,0.0,0.0,5.57434481489,4.12017545861
2017-06-20,0.0,1.0,0.551005934168,96.0,0.0,0.0,7.69396627896,5.68685506452
2017-06-21,4.064,1.0,0.385910523181,96.0,0.0,0.0,6.66781579947,4.92839462426
2017-06-22,0.0,1.0,0.33555642283,96.0,0.0,0.0,5.29529429854,3.91392035109
2017-06-23,3.048,1.0,0.342091449515,96.0,0.0,0.0,6.10457633357,4.51208642989
2017-06-24,9.398,1.0,0.778080914029,96.0,0.0,0.0,7.95169066912,5.87734735423
2017-06-25,0.0,0.0,0.278048188003,96.0,0.0,0.0,8.83456827677,6.52991026033
2017-06-26,0.254,1.0,0.24358452096,96.0,0.0,0.0,7.92137074905,5.85493693745
2017-06-27,0.0,1.0,0.209189643671,96.0,0.0,0.0,7.18291382415,5.30911994904
2017-06-28,0.0,0.0,0.18573233736,96.0,0.0,0.0,6.745190499,4.98558472439
2017-06-29,0.0,0.0,0.176996038529,96.0,0.0,0.0,8.13288059336,6.01127058718
2017-06-30,0.0,0.0,0.160280128166,96.0,0.0,0.0,9.9226802146,7.33416838417
2017-07-01,16.51,1.0,0.635686122053,96.0,0.0,0.0,5.72155923507,4.22898631645
2017-07-02,0.0,1.0,0.241589618077,96.0,0.0,0.0,6.88784960317,5.09102860336
2017-07-03,0.0,0.0,0.173762920063,96.0,0.0,0.0,7.44836605761,5.5053241334
2017-07-04,2.286,1.0,0.162962928595,96.0,0.0,0.0,5.58907304681,4.13106156303
2017-07-05,0.0,1.0,0.168810057734,96.0,0.0,0.0,6.18605092849,4.57230689304
2017-07-06,35.306,1.0,2.10943782413,96.0,0.0,0.0,1.51690493703,1.12119266069
2017-07-07,2.794,1.0,0.90431011368,96.0,0.0,0.0,6.03074686324,4.45751672136
2017-07-08,0.254,1.0,0.355092713131,96.0,0.0,0.0,8.40388704607,6.21158007155
2017-07-09,0.0,1.0,0.249638019363,96.0,0.0,0.0,8.22597983188,6.08008319396
2017-07-10,0.0,0.0,0.152231726881,96.0,0.0,0.0,7.73070951157,5.71401315579
2017-07-11,0.0,0.0,0.146247018232,96.0,0.0,0.0,7.08766648202,5.2387196106
2017-07-12,0.0,0.0,0.141913263694,96.0,0.0,0.0,6.32190267354,4.67271923646
2017-07-13,0.0,0.0,0.145215171914,96.0,0.0,0.0,6.25579885503,4.62385980279
2017-07-14,4.064,1.0,0.210290279744,96.0,0.0,0.0,4.45327994772,3.29156077713
2017-07-15,0.0,1.0,0.152988414181,96.0,0.0,0.0,5.78169315507,4.27343320835
2017-07-16,0.0,0.0,0.139711991547,96.0,0.0,0.0,6.17457811001,4.56382696818
2017-07-17,4.826,1.0,0.142050843203,96.0,0.0,0.0,4.80100198416,3.54857318819
2017-07-18,17.018,1.0,0.583681067593,96.0,0.0,0.0,3.75821129731,2.77781344169
2017-07-19,0.0,1.0,0.14906739817,96.0,0.0,0.0,6.48812392701,4.79557864901
2017-07-20,3.048,1.0,0.141225366148,96.0,0.0,0.0,6.71862963994,4.9659527491
2017-07-21,20.32,1.0,0.132557857071,96.0,0.0,0.0,7.13539716095,5.27399887273
2017-07-22,5.842,1.0,0.148379500624,96.0,0.0,0.0,5.9357466919,4.38729907471
2017-07-23,31.75,1.0,0.845288504252,96.0,0.0,0.0,5.08694006141,3.75991911094
2017-07-24,26.158,1.0,1.92769529253,96.0,0.0,0.0,6.6913725604,4.94580617513
2017-07-25,0.254,1.0,0.700761229884,96.0,0.0,0.0,4.33711077502,3.20569644862
2017-07-26,0.0,0.0,0.243309361942,96.0,0.0,0.0,4.66610702385,3.44886803478
2017-07-27,0.0,0.0,0.150168034243,96.0,0.0,0.0,3.31145267111,2.44759993881
2017-07-28,34.798,1.0,2.04917799912,96.0,0.0,0.0,1.30289018804,0.963007556278
2017-07-29,7.874,1.0,0.821556038923,96.0,0.0,0.0,2.30191564972,1.70141903357
2017-07-30,0.0,1.0,0.141431735412,96.0,0.0,0.0,5.76037956012,4.25767965277
2017-07-31,0.0,0.0,0.138129827192,96.0,0.0,0.0,5.57611379635,4.12148296904
2017-08-01,0.0,0.0,0.141294155903,96.0,0.0,0.0,6.16202344001,4.55454741248
2017-08-02,35.052,1.0,1.20684745431,96.0,0.0,0.0,5.59928401885,4.13860881706
2017-08-03,5.842,1.0,0.47574994266,96.0,0.0,0.0,5.09699085453,3.76734797164
2017-08-04,0.0,1.0,0.248468593535,96.0,0.0,0.0,5.84005729161,4.31657199703
2017-08-05,13.208,1.0,0.708534472151,96.0,0.0,0.0,5.32478211409,3.93571573296
2017-08-06,0.0,0.0,0.263189601015,96.0,0.0,0.0,3.11352227942,2.3013032942
2017-08-07,10.922,1.0,0.738182856374,96.0,0.0,0.0,1.46142180711,1.08018331558
2017-08-08,0.0,1.0,0.368644294782,96.0,0.0,0.0,4.09719325678,3.02836578402
2017-08-09,0.0,0.0,0.326476175226,96.0,0.0,0.0,5.58256667837,4.12625249928
2017-08-10,0.0,0.0,0.253834194392,96.0,0.0,0.0,5.07085619072,3.74803101081
2017-08-11,5.842,1.0,0.274815069538,96.0,0.0,0.0,3.7119295795,2.74360515279
2017-08-12,1.016,1.0,0.421543616053,96.0,0.0,0.0,3.51830342349,2.60048990559
2017-08-13,0.254,1.0,0.272957746165,96.0,0.0,0.0,4.69681075701,3.47156214002
2017-08-14,0.762,1.0,0.324206113325,96.0,0.0,0.0,2.0357247383,1.50466886885
2017-08-15,30.988,1.0,1.30693654722,96.0,0.0,0.0,1.0595229105,0.783127064908
2017-08-16,0.254,1.0,0.41714107176,96.0,0.0,0.0,4.53448186415,3.35157969494
2017-08-17,0.0,0.0,0.261882595678,96.0,0.0,0.0,4.29581151695,3.1751708541
2017-08-18,2.032,1.0,0.333905468721,96.0,0.0,0.0,4.20525021191,3.10823411464
2017-08-19,2.032,1.0,0.269518258436,96.0,0.0,0.0,5.55763651346,4.10782582188
2017-08-20,0.254,1.0,0.249706809117,96.0,0.0,0.0,5.40470197752,3.99478704464
2017-08-21,0.0,0.0,0.247849485744,96.0,0.0,0.0,4.50167872065,3.32733384878
2017-08-22,0.254,1.0,0.240488982004,96.0,0.0,0.0,6.23467943734,4.60824976981
2017-08-23,1.778,1.0,0.251426552982,96.0,0.0,0.0,6.04279846681,4.46642444468
2017-08-24,0.0,0.0,0.207401110052,96.0,0.0,0.0,5.68218340028,4.19988238521
2017-08-25,0.0,0.0,0.178165464356,96.0,0.0,0.0,4.16411297094,3.07782827211
2017-08-26,0.0,0.0,0.206644422752,96.0,0.0,0.0,5.27687358368,3.90030501514
2017-08-27,0.0,0.0,0.232990898755,96.0,0.0,0.0,4.89401379059,3.61732117113
2017-08-28,0.0,0.0,0.225561605261,96.0,0.0,0.0,4.76438079928,3.52150530628
2017-08-29,16.51,1.0,0.843018442351,96.0,0.0,0.0,1.41171356954,1.04344237699
2017-08-30,0.0,1.0,0.408335983174,96.0,0.0,0.0,4.5119967682,3.33496024573
2017-08-31,0.0,0.0,0.273301694938,96.0,0.0,0.0,5.15687818149,3.81161259879
2017-09-01,0.0,0.0,0.275434177329,96.0,0.0,0.0,2.7155535974,2.00715199007
2017-09-02,18.034,1.0,1.24234296767,96.0,0.0,0.0,1.38666897731,1.02493112271
2017-09-03,0.762,1.0,0.520738442154,96.0,0.0,0.0,4.30642381496,3.18301474092
2017-09-04,0.0,0.0,0.297102950021,96.0,0.0,0.0,5.28968900142,3.90977729779
2017-09-05,14.732,1.0,0.556472436319,95.0,1.0,0.0,5.52803253802,4.08594458253
2017-09-06,16.002,1.0,1.06589724718,96.0,0.0,0.0,0.646019904799,0.47749384832
2017-09-07,0.254,1.0,0.518949908535,96.0,0.0,0.0,4.2868988859,3.16858324516
2017-09-08,0.0,0.0,0.320629046087,96.0,0.0,0.0,4.25231692614,3.14302261936
2017-09-09,0.0,0.0,0.301711863578,96.0,0.0,0.0,4.20118403298,3.10522867253
2017-09-10,0.0,0.0,0.272820166656,96.0,0.0,0.0,4.37658296731,3.23487160075
2017-09-11,0.0,0.0,0.26477176537,96.0,0.0,0.0,3.91748497446,2.89553767972
2017-09-12,0.0,0.0,0.259406164513,96.0,0.0,0.0,3.33080340859,2.46190268404
2017-09-13,2.54,1.0,0.405653182745,96.0,0.0,0.0,1.45817110063,1.07778061508
2017-09-14,0.254,1.0,0.302124602106,96.0,0.0,0.0,4.40469443376,3.25564967926
2017-09-15,0.0,0.0,0.19219857429,96.0,0.0,0.0,5.14365650132,3.80184003466
2017-09-16,0.0,0.0,0.198527231711,96.0,0.0,0.0,4.87765655559,3.60523101876
2017-09-17,0.0,0.0,0.199627867785,96.0,0.0,0.0,3.22086696436,2.38064516327
2017-09-18,0.254,1.0,0.232371790964,96.0,0.0,0.0,1.24012721725,0.916617449359
2017-09-19,0.0,0.0,0.234641852865,96.0,0.0,0.0,3.42851823926,2.5341268217
2017-09-20,0.0,0.0,0.186007496378,96.0,0.0,0.0,6.32638450876,4.67603190335
2017-09-21,0.0,0.0,0.171561647917,96.0,0.0,0.0,4.7257427757,3.49294671476
2017-09-22,0.0,0.0,0.168190949943,96.0,0.0,0.0,3.67795494006,2.71849341674
2017-09-23,0.0,0.0,0.162481400313,96.0,0.0,0.0,6.74267030115,4.98372196605
2017-09-24,0.0,0.0,0.155396055591,96.0,0.0,0.0,5.53606733713,4.09188335797
2017-09-25,0.0,0.0,0.156290322401,96.0,0.0,0.0,4.50624214496,3.33070682076
2017-09-26,0.0,0.0,0.152094147371,96.0,0.0,0.0,4.30851968928,3.18456386826
2017-09-27,0.0,0.0,0.150511983016,96.0,0.0,0.0,5.15838979977,3.81272988391
2017-09-28,0.0,0.0,0.144940012895,96.0,0.0,0.0,5.7034166941,4.21557658767
2017-09-29,0.508,1.0,0.145421541177,96.0,0.0,0.0,4.26522738634,3.15256515091
2017-09-30,0.0,1.0,0.147966762097,96.0,0.0,0.0,3.10927103485,2.29816106419
