Date,P_mm,Eta-cal_mm,Q_mm
5/1/11,0.11,1.709285681,4.640688647
5/2/11,1.22,1.210010436,2.963937998
5/3/11,7.39,0.739477244,4.800268517
5/4/11,0.38,1.751228584,3.782700833
5/5/11,0,1.604463779,2.563692589
5/6/11,1.95,1.05630583,1.762023463
5/7/11,5.17,0.726805848,3.362438513
5/8/11,4.36,0.838181218,2.673054412
5/9/11,5.3,0.970509588,5.352209129
5/10/11,2.58,0.932615463,3.998396863
5/11/11,0.02,1.100208919,3.16434998
5/12/11,3.47,1.525629458,2.733597477
5/13/11,2.21,1.107354927,3.179811559
5/14/11,0.09,1.598150311,2.536239755
5/15/11,0.06,1.686626533,1.493307424
5/16/11,0,1.238096322,1.170109669
5/17/11,0,0.998571574,0.93965498
5/18/11,0,0.642295811,0.736300312
5/19/11,0,0.309124985,0.616337365
5/20/11,0,0.246272558,0.540270288
5/21/11,0,0.116486075,0.489320798
5/22/11,0.11,0.080102996,0.490769274
5/23/11,7.03,0.96094578,0.70069397
5/24/11,0.11,0.707069673,0.706667878
5/25/11,5.85,1.356142091,0.587237168
5/26/11,8.73,1.75136832,3.585166101
5/27/11,20.12,0.748293011,7.490235679
5/28/11,18.46,0.768056281,16.43365297
5/29/11,10.6,0.518722595,10.9251043
5/30/11,12.11,0.561520579,13.41431438
5/31/11,1.68,0.604379354,7.272943195
6/1/11,3.51,1.16759915,4.404470439
6/2/11,4.72,1.565807759,5.096713576
6/3/11,0.72,1.850006702,3.788881043
6/4/11,0.58,1.374651683,2.811619439
6/5/11,0,1.431176985,2.054731743
6/6/11,0,1.155916248,1.412587597
6/7/11,0.11,0.693219331,1.15787309
6/8/11,0,0.78863034,0.950798507
6/9/11,0.83,0.470712819,0.824557285
6/10/11,0.11,0.286053523,0.792180818
6/11/11,2.82,0.561013959,0.723248213
6/12/11,0.32,0.41206407,0.768278761
6/13/11,0.11,0.395137259,0.54717735
6/14/11,16.56,0.604509371,4.770140103
6/15/11,4.06,0.605141102,3.67674737
6/16/11,0.24,1.295621087,1.905854284
6/17/11,0,1.473991087,1.44015085
6/18/11,0.34,1.220865031,1.102536701
6/19/11,0.02,1.645245865,0.9415562
6/20/11,0,1.27850492,0.744101768
6/21/11,0.13,0.642730462,0.612030174
6/22/11,1.46,0.559195531,0.571958661
6/23/11,17.46,1.003541231,2.174494633
6/24/11,4.05,0.6,5.311856096
6/25/11,3.74,0.419989281,1.965514944
6/26/11,15.79,0.943648866,9.957281356
6/27/11,0.75,1.024351291,3.765116948
6/28/11,0,2.364971519,2.359255524
6/29/11,5.28,1.785422747,2.017976291
6/30/11,9.82,1.711545333,3.166846742
7/1/11,0.13,1.486855475,3.339205338
7/2/11,0.68,0.980646352,2.012110895
7/3/11,2.92,1.250120698,1.682646679
7/4/11,22.58,0.876369874,10.25480749
7/5/11,16.01,0.975856865,11.39117564
7/6/11,2.69,0.712150165,9.696894598
7/7/11,0,1.236014173,4.205187963
7/8/11,0.44,1.020259736,2.630446039
7/9/11,10.28,0.739091351,4.002749168
7/10/11,4.08,0.655581413,3.81079248
7/11/11,15.3,0.927181976,9.36843398
7/12/11,10.41,0.591859594,9.794317434
7/13/11,1.96,1.127963718,5.492685437
7/14/11,0.11,2.579972656,3.239018103
7/15/11,1.14,1.571488066,2.280475983
7/16/11,3.99,1.047024756,1.911771466
7/17/11,1.36,0.968086996,2.266883591
7/18/11,0,1.209585489,1.507063732
7/19/11,0,0.477982276,1.15485047
7/20/11,0.11,0.829807204,0.960554623
7/21/11,0.79,0.769636098,0.784182048
7/22/11,5.15,0.485695215,0.965878914
7/23/11,8.94,0.640751579,2.22060491
7/24/11,9.29,0.562730003,5.781843324
7/25/11,1.06,0.975118196,3.468526692
7/26/11,0,1.885495459,2.013224961
7/27/11,2.29,0.474711716,1.672057393
7/28/11,5.49,0.745163873,2.7341702
7/29/11,0.82,2.557139506,1.950039958
7/30/11,1.99,1.922377119,1.505597105
7/31/11,0,1.334252571,1.385568523
8/1/11,0.86,1.137114527,1.036646809
8/2/11,0.02,0.831286989,0.895266222
8/3/11,0.3,0.704921801,0.717723662
8/4/11,0.3,0.60140382,0.592226262
8/5/11,0.47,0.449019696,0.536466358
8/6/11,0.13,0.352811899,0.46760333
8/7/11,0.11,0.415147488,0.406208138
8/8/11,0.13,0.298268566,0.359193698
8/9/11,0.19,0.225356974,0.347172615
8/10/11,1.66,0.164830241,0.374433177
8/11/11,0,0.662672423,0.322280238
8/12/11,0,0.534251574,0.253996368
8/13/11,0,0.367131302,0.225941961
8/14/11,0,0.224923466,0.208859708
8/15/11,0,0.119138624,0.196851117
8/16/11,0,0.118218305,0.188819088
8/17/11,0.24,0.109927708,0.184610441
8/18/11,0,0.177335184,0.182216699
8/19/11,1.68,0.576752265,0.169543569
8/20/11,1.4,0.734544991,0.175767052
8/21/11,1.14,0.653114716,0.171949622
8/22/11,0,0.451376368,0.173840548
8/23/11,0,0.331626369,0.160546509
8/24/11,0,0.391871036,0.14238487
8/25/11,0.11,0.349072756,0.128431816
8/26/11,0.36,0.160433144,0.128232071
8/27/11,14.73,0.792968151,0.527003189
8/28/11,0.8,1.502399518,0.473593853
8/29/11,6.78,0.748517763,0.513932354
8/30/11,2.72,0.864396253,0.665498879
8/31/11,7.71,0.85660983,1.16944212
9/1/11,2.57,0.518566424,1.010263696
9/2/11,12.77,0.779910914,3.541618885
9/3/11,0.06,0.890097748,1.669439908
9/4/11,0.11,1.039608035,1.065528265
9/5/11,0.2,1.245761144,0.760804428
9/6/11,1.64,0.559637666,0.717279212
9/7/11,4.49,0.93595488,0.820492336
9/8/11,0.89,2.036014616,0.934646526
9/9/11,0.19,1.562508316,0.605296229
9/10/11,7.8,1.190662815,0.854186898
9/11/11,0.3,1.345622303,1.134580109
9/12/11,0.9,1.205171536,0.645892438
9/13/11,0.19,0.669617164,0.624503369
9/14/11,0,1.009893776,0.498651727
9/15/11,0.25,0.871540412,0.39703715
9/16/11,0.95,0.793840417,0.366770769
9/17/11,0.11,0.651840358,0.376350064
9/18/11,10.58,1.02095324,0.864812283
9/19/11,2.57,0.748728477,1.317945879
9/20/11,0.02,1.339282239,0.838613435
9/21/11,0.11,1.028476017,0.578901335
9/22/11,0,0.950187422,0.49207932
9/23/11,6.36,1.864020397,0.604740537
9/24/11,19.27,2.666673429,3.456883053
9/25/11,7.83,1.398000596,7.737275858
9/26/11,7.33,1.159621521,3.777312089
9/27/11,1.08,0.675274826,2.424891565
9/28/11,5.35,0.687183046,2.469724412
9/29/11,0,2.129655858,2.39773079
9/30/11,0,1.359761698,1.667461302
10/1/11,0.89,1.333800484,1.392483155
10/2/11,0.02,0.875031465,1.130033803
10/3/11,0.72,1.075895096,1.015268668
10/4/11,24.49,1.431943181,5.1909798
10/5/11,0.83,1.503316842,3.61658339
10/6/11,0.88,1.506522736,2.638145105
10/7/11,0.25,1.165140173,1.939796465
10/8/11,2.14,1.859532632,1.714752488
10/9/11,0.13,1.292154985,1.352254714
10/10/11,0,1.204107594,1.115546356
10/11/11,0,0.867317751,0.965978202
10/12/11,0,0.591920681,0.869287866
10/13/11,0,0.364725585,0.804734071
10/14/11,0,0.304008384,0.82898924
10/15/11,0,0.193542391,0.798408283
10/16/11,0,0.081306528,0.783189985
10/17/11,0,0.083954729,0.713043268
10/18/11,0,0.048886121,0.669279924
10/19/11,0,0.024717939,0.664215246
10/20/11,0,0.025093853,0.625394835
10/21/11,0,0.015483123,0.587914887
10/22/11,0,0.008739256,0.537118444
10/23/11,0,0.002494043,0.539415591
10/24/11,0,0.001719835,0.548093084
10/25/11,0,0.002276397,0.513480697
10/26/11,0,0.001380268,0.486884601
10/27/11,4.49,0.677370205,0.559700975
10/28/11,4.85,0.762899184,0.720114526
10/29/11,6.06,1.03782315,1.015302205
10/30/11,6.42,2.248807609,0.976883501
10/31/11,0.11,1.765908448,1.059837515
11/1/11,0.76,2.191000395,0.70416195
11/2/11,2.9,0.810560024,0.664468945
11/3/11,0.49,1.457028123,0.674917668
11/4/11,0.36,0.91196979,0.590236116
11/5/11,0,0.903923335,0.544622671
11/6/11,0.1,0.552252002,0.50282168
11/7/11,12.87,0.891512992,1.307512299
11/8/11,8.62,1.577098659,2.320369345
11/9/11,10.48,1.582950804,4.59341672
11/10/11,9.68,2.020845623,6.06664668
11/11/11,2.37,1.622874027,5.376342025
11/12/11,1.09,1.465892018,3.298706399
11/13/11,0,1.966517024,1.888309627
11/14/11,0,1.391404781,1.301226895
11/15/11,2.23,0.900644017,1.297623123
11/16/11,0,1.26666816,1.117558426
11/17/11,0,0.868542168,1.088731995
11/18/11,0,0.61400906,1.154652681
11/19/11,0,0.44950047,1.075241721
11/20/11,0,0.32051115,0.996013575
11/21/11,0,0.190308373,0.916541753
11/22/11,0,0.096243345,0.870437044
11/23/11,5.02,1.218234831,0.87692007
11/24/11,3.71,1.208007028,1.060478841
11/25/11,2.47,1.551016382,1.125403523
11/26/11,2.08,1.789519674,1.067518182
11/27/11,19.65,2.439262928,2.383700503
11/28/11,11.46,2.019786078,9.478970711
11/29/11,17.44,1.63279213,13.92250264
11/30/11,0.02,2.456048912,8.549786331
12/1/11,1.2,1.518366913,5.479748886
12/2/11,0.55,1.125503794,4.393164559
12/3/11,0,1.050744138,2.855241631
12/4/11,0.18,0.947807883,2.106017826
12/5/11,1.33,0.750725358,1.840516049
12/6/11,0.19,0.412039246,1.840847591
12/7/11,1.14,0.714362657,1.686796556
12/8/11,1.1,0.888817957,1.595436539
12/9/11,3.42,1.12577645,2.292868538
12/10/11,6.5,1.831773893,1.601902622
12/11/11,1.31,1.908183713,3.737530062
12/12/11,4.77,1.436474469,2.550198152
12/13/11,9.55,1.215843545,6.457657987
12/14/11,9.68,1.489823196,9.521345183
12/15/11,3.34,1.416251718,7.891943007
12/16/11,1.26,1.655836354,7.113945473
12/17/11,7.35,1.344358776,7.857022963
12/18/11,5.62,1.592328942,7.99962587
12/19/11,3.8,1.365478282,7.334117768
12/20/11,5.56,1.506435927,7.452737738
12/21/11,3.16,0.792848437,8.764540035
12/22/11,0.89,0.829163183,6.904029571
12/23/11,1.91,3.091504221,5.424234852
12/24/11,11.04,1.972270616,6.075236712
12/25/11,2.19,1.189366762,9.085955562
12/26/11,1.95,1.75848898,6.388706644
12/27/11,9.22,1.251558888,9.043202566
12/28/11,6.7,1.642509688,10.54089961
12/29/11,2.62,2.324709373,8.032023071
12/30/11,5.93,2.567781509,7.533834372
12/31/11,0.13,1.688996285,6.397871286
1/1/12,0,1.170831799,4.824617958
1/2/12,3.87,1.376422142,3.871789086
1/3/12,9.95,1.981554039,6.829127002
1/4/12,6.96,2.0246923,7.509368565
1/5/12,14.98,1.697914732,9.929470373
1/6/12,9.18,2.605138075,12.94459923
1/7/12,13.35,2.235232264,13.15357589
1/8/12,5.31,1.941177541,11.07395337
1/9/12,3.77,2.130986984,9.394302382
1/10/12,3.71,2.31403352,7.412451114
1/11/12,1.68,1.673443262,6.739143044
1/12/12,1.37,0.985900109,6.087295704
1/13/12,1.95,0.914808802,5.466847826
1/14/12,1.9,1.445152756,4.87040216
1/15/12,4.48,1.281080338,5.81183267
1/16/12,4.95,1.926876068,5.062217887
1/17/12,4.29,1.750684591,6.004543487
1/18/12,1.3,1.600199412,4.964952971
1/19/12,0.06,1.430704855,3.645093774
1/20/12,30.14,1.54794823,15.95989088
1/21/12,2.36,1.560273245,10.0416452
1/22/12,4.23,1.859644082,7.363386574
1/23/12,0.9,1.774944027,5.980135144
1/24/12,0.83,1.880378891,4.654308368
1/25/12,2.02,1.473832659,4.290810623
1/26/12,3.12,0.917710958,4.216335986
1/27/12,6.34,1.457798019,5.743113631
1/28/12,1.62,1.287600462,6.275345099
1/29/12,3.55,1.617002831,5.26712211
1/30/12,4.41,1.622173718,6.638429335
1/31/12,5.66,1.829987206,7.10669357
2/1/12,5.54,1.702855105,8.227157978
2/2/12,3.61,1.282666008,8.385097208
2/3/12,2.16,0.880288766,7.917408324
2/4/12,5.86,1.004358574,7.862725368
2/5/12,1.4,0.992881786,6.77579013
2/6/12,14.05,0.982917416,11.01781196
2/7/12,3.08,2.218221954,8.37690447
2/8/12,8.5,1.748605154,7.791844333
2/9/12,5.63,2.074558276,9.430666235
2/10/12,2.06,2.387139306,7.241031452
2/11/12,2.61,1.582103478,5.844925717
2/12/12,12.5,1.643956079,9.806311319
2/13/12,1.98,1.804832836,6.894291747
2/14/12,7,1.555912063,7.562436957
2/15/12,2.91,2.187839425,6.280494929
2/16/12,27.96,1.458095503,20.81625699
2/17/12,1.61,3.000761011,8.46687199
2/18/12,9.98,1.764180701,9.481057537
2/19/12,16.01,1.340207879,14.93433612
2/20/12,0.83,1.457902463,9.152439312
2/21/12,1.81,1.931467336,6.314168326
2/22/12,8.86,1.790680237,6.74496413
2/23/12,13.26,1.565774776,10.74255323
2/24/12,0,1.895661159,7.603504363
2/25/12,2.86,1.871703058,5.843891225
2/26/12,9.65,1.696561774,8.038619357
2/27/12,5.68,1.493738587,11.05778929
2/28/12,15.46,1.465058542,17.86131811
2/29/12,1.88,2.13979787,11.62056327
3/1/12,0.24,1.464271201,6.716681829
3/2/12,1.44,0.860010974,5.398327718
3/3/12,4.91,0.741620636,5.946837787
3/4/12,1.11,1.214667593,5.057642985
3/5/12,2.6,1.387244619,4.612483359
3/6/12,0.15,1.498183784,4.038468667
3/7/12,0.37,1.580754076,2.77657752
3/8/12,0.06,0.574733114,2.046426186
3/9/12,2.11,0.834568798,1.809184039
3/10/12,4.41,0.984493357,2.82899884
3/11/12,9.44,1.453937842,5.03465068
3/12/12,6.17,1.488651972,5.298276107
3/13/12,1.14,1.724377905,5.301993889
3/14/12,0.3,1.844593875,3.680452906
3/15/12,3.38,1.140207598,3.372296899
3/16/12,6.66,1.406140008,3.572038997
3/17/12,2.26,1.526807857,3.751474023
3/18/12,1.34,1.716022371,2.847828334
3/19/12,9.75,1.142292491,4.302040942
3/20/12,4.37,1.567208902,5.411726741
3/21/12,4.46,2.050004371,4.6497382
3/22/12,5.74,1.36905588,5.041238217
3/23/12,2.11,2.174549002,4.317456153
3/24/12,11.64,1.94586531,6.971315369
3/25/12,6,2.317786304,5.515014314
3/26/12,3.56,2.532518237,5.150126948
3/27/12,6.97,2.061888281,4.878595484
3/28/12,6.58,1.767421724,6.09410521
3/29/12,3.18,1.195496815,6.262190633
3/30/12,0.98,1.158888174,4.874167403
3/31/12,8.68,1.000313827,6.487691043
4/1/12,3.3,1.029602418,8.671649939
4/2/12,1.17,1.211234692,5.874616384
4/3/12,4.19,1.04637066,5.661048931
4/4/12,7.05,1.544919955,5.717046468
4/5/12,13.27,1.289035464,17.79009576
4/6/12,0.42,1.920976602,6.708930328
4/7/12,3.43,2.339115007,4.822298118
4/8/12,4.2,1.473669503,6.402958775
4/9/12,8.79,1.453031619,8.407978113
4/10/12,0,1.952668558,4.752776772
4/11/12,0,2.114845463,3.111963765
4/12/12,0.97,0.900631644,2.602461074
4/13/12,0,1.139983218,2.095336274
4/14/12,1.46,1.078163352,1.609726061
4/15/12,0.2,0.692567029,1.552856845
4/16/12,0,0.676527285,1.281719551
4/17/12,1.57,0.811413691,1.073492686
4/18/12,1.98,0.788736248,1.373218044
4/19/12,5.5,1.226866713,1.840480997
4/20/12,4.71,1.626837159,7.982066077
4/21/12,0,1.479067295,2.906294749
4/22/12,2.76,1.044390697,2.510671275
4/23/12,1.05,1.040502605,3.297460437
4/24/12,0.86,1.121003232,2.409112181
4/25/12,0,0.775947664,1.97096699
4/26/12,0.2,0.765567894,1.551554443
4/27/12,0.17,0.707541884,1.551563391
4/28/12,0.04,0.637928714,1.198005632
4/29/12,0.06,0.445185703,0.993085149
4/30/12,2.03,0.87538544,1.291165705
5/1/12,2.02,0.531348656,1.679576839
5/2/12,3.23,0.99829313,2.047429124
5/3/12,0.48,0.653062583,3.913078207
5/4/12,0,0.919471597,1.613938136
5/5/12,0.33,0.497760581,1.291827712
5/6/12,2.39,0.435443916,1.761325493
5/7/12,0.33,0.708451736,1.752576991
5/8/12,0,0.311221868,1.307946273
5/9/12,0.08,0.353116789,1.189753524
5/10/12,0.08,0.785171374,1.005996022
5/11/12,0.21,0.661487462,0.787596273
5/12/12,3.61,0.698828492,1.079412517
5/13/12,2.33,0.967646678,1.637167331
5/14/12,1.29,1.017717156,1.619286692
5/15/12,4.18,0.611093621,3.592138618
5/16/12,0.86,0.956481452,2.60161212
5/17/12,5.36,0.821001731,6.181757112
5/18/12,0.75,1.568468542,3.616977479
5/19/12,2.25,1.130237517,3.460463036
5/20/12,0.18,1.221860575,2.426324981
5/21/12,2.56,0.780630344,3.054571593
5/22/12,1.48,0.993836772,2.770532854
5/23/12,0,1.748102234,1.921998536
5/24/12,0,0.723927188,1.549461711
5/25/12,0,0.729289475,1.35024043
5/26/12,0,0.489183016,1.121394411
5/27/12,0.71,0.399974551,1.041378928
5/28/12,0.72,0.173575639,1.31639951
5/29/12,2.78,0.411883173,4.188499124
5/30/12,0,0.5689686,1.961023033
5/31/12,0.4,0.630743511,1.363305607
6/1/12,0.2,0.29302692,1.448285786
6/2/12,2.18,0.394367214,3.639991966
6/3/12,0.06,1.117115086,2.236356903
6/4/12,0,0.972277488,1.54674846
6/5/12,0,0.713729226,1.183384021
6/6/12,0,0.405542012,0.958530715
6/7/12,0.33,0.183335832,0.924308164
6/8/12,0.12,0.277124675,0.95694688
6/9/12,0.26,0.289179192,1.084496931
6/10/12,0,0.174451191,0.853800959
6/11/12,0,0.242874137,0.655401375
6/12/12,0,0.243584276,0.563939119
6/13/12,0,0.148520729,0.491421803
6/14/12,0.02,0.05496082,0.493446485
6/15/12,0.22,0.098492931,0.4802413
6/16/12,0.02,0.121163322,0.444532989
6/17/12,0,0.135502266,0.40944786
6/18/12,0,0.086143051,0.360191902
6/19/12,0.56,0.175720729,0.352775504
6/20/12,0.06,0.148115347,0.339816271
6/21/12,0.62,0.263910348,0.308564602
6/22/12,1.82,0.403411057,0.36108005
6/23/12,6.07,0.50032892,0.512478659
6/24/12,3.9,0.565408474,0.696869599
6/25/12,16.12,0.801276193,3.235930625
6/26/12,7.5,1.009441892,5.553232232
6/27/12,4.54,0.898484858,2.546012713
6/28/12,2.74,0.659560467,2.387273559
6/29/12,9.67,0.920229383,4.395399691
6/30/12,2.7,1.508302246,3.580468366
7/1/12,5.22,0.874234477,3.221418635
7/2/12,1.13,1.050297848,3.121557791
7/3/12,0.17,0.849172748,2.078881799
7/4/12,5.82,0.777003983,2.604221978
7/5/12,0,0.981657167,2.055656419
7/6/12,0,1.034225615,1.486025611
7/7/12,1.4,0.57509186,1.297813064
7/8/12,0.75,0.671080099,1.225572052
7/9/12,1.26,0.962169422,1.082925039
7/10/12,0.64,1.047660938,1.031163144
7/11/12,0,1.573445713,0.784374053
7/12/12,0,1.268756739,0.635376713
7/13/12,0,0.77284775,0.576236124
7/14/12,0,0.250896705,0.55210791
7/15/12,0,0.210798034,0.543782816
7/16/12,0.59,0.288089857,0.522756071
7/17/12,0.13,0.260616937,0.504853374
7/18/12,9.27,0.677903323,1.478987494
7/19/12,0.39,0.485256397,1.95109322
7/20/12,0,1.906477407,0.795189033
7/21/12,0,1.381377445,0.546979503
7/22/12,1.53,0.756079041,0.512216353
7/23/12,5.4,0.523659585,0.888747614
7/24/12,0.06,1.171287292,0.908757906
7/25/12,0.3,0.907564915,0.561803927
7/26/12,0.13,1.29355987,0.330267776
7/27/12,0.89,0.618205188,0.312380074
7/28/12,8.86,0.585624317,0.933120412
7/29/12,3.12,0.746254246,0.875120917
7/30/12,0.11,1.511107596,0.68740494
7/31/12,0.42,0.74741205,0.549801975
8/1/12,0.13,0.850411632,0.503446165
8/2/12,0,1.571357141,0.399725094
8/3/12,9.07,2.493950781,0.499448554
8/4/12,0.06,1.772820953,0.577996665
8/5/12,1.3,1.086661854,0.363368686
8/6/12,0,1.271243533,0.354682435
8/7/12,0,1.088885134,0.259800648
8/8/12,0,0.710344077,0.200920817
8/9/12,0,0.351224144,0.236734709
8/10/12,0,0.158367438,0.270876815
8/11/12,0,0.127213343,0.226913706
8/12/12,0,0.116677501,0.186619789
8/13/12,3.33,0.321673672,0.164417403
8/14/12,1.07,0.51634112,0.190477688
8/15/12,4.06,0.685830459,0.275680195
8/16/12,0.82,0.73650777,0.231751034
8/17/12,0.58,0.786227325,0.297490495
8/18/12,5.21,1.155895832,0.379228959
8/19/12,0,1.438959075,0.383916724
8/20/12,0,1.203105691,0.261962666
8/21/12,0,0.990547873,0.181890355
8/22/12,0,0.886630934,0.137961624
8/23/12,0,0.53679856,0.098209522
8/24/12,1.12,0.340813771,0.100801271
8/25/12,5.22,0.671895579,0.136876868
8/26/12,0.88,0.540842733,0.107131779
8/27/12,5.86,0.425174458,0.127561311
8/28/12,5.49,0.398134944,0.448916494
8/29/12,3.71,0.436648034,0.75038527
8/30/12,0.7,0.812596594,0.555163365
8/31/12,0,2.368591392,0.388539754
9/1/12,0,0.544928471,0.302731239
9/2/12,0,0.555559706,0.264005565
9/3/12,0.3,0.519900756,0.266950556
9/4/12,0.96,0.549453432,0.286928525
9/5/12,0.11,0.689654461,0.312753603
9/6/12,0,1.076120082,0.247423884
9/7/12,0,0.992806927,0.196861435
9/8/12,0,0.534906207,0.1925138
9/9/12,0.86,0.4369105,0.201439455
9/10/12,2.38,0.937340846,0.249569292
9/11/12,0,0.605085777,0.194065862
9/12/12,0,0.703697166,0.17953867
9/13/12,1.89,0.507081435,0.143897721
9/14/12,2.89,0.330168206,0.199410946
9/15/12,1.06,1.322287409,0.291563706
9/16/12,0,1.289384642,0.198679302
9/17/12,0,1.007556148,0.154433108
9/18/12,0,0.516183186,0.146086847
9/19/12,0,0.439440002,0.139358068
9/20/12,0,0.285174063,0.127154671
9/21/12,0.51,0.324672095,0.143293136
9/22/12,0.4,0.191374969,0.156286336
9/23/12,0.98,0.380583341,0.165583555
9/24/12,5.56,1.090499671,0.178535209
9/25/12,4.11,0.991914567,0.246654432
9/26/12,1.92,1.283547789,0.229350804
9/27/12,5.93,0.924105491,0.381089328
9/28/12,0.6,1.210352857,0.388994078
9/29/12,0,1.00285091,0.253928073
9/30/12,0.11,0.934695395,0.211557075
10/1/12,0,1.166683109,0.206383222
10/2/12,0,0.81669671,0.170881241
10/3/12,0.11,0.844703137,0.175695488
10/4/12,1.18,0.788747063,0.164882505
10/5/12,7.51,1.854009088,0.277336078
10/6/12,0.08,0.934873081,0.205000114
10/7/12,1.67,1.180131286,0.174510444
10/8/12,3.37,0.988129414,0.232059981
10/9/12,0.56,1.443001632,0.248347288
10/10/12,0.73,1.58530466,0.163368823
10/11/12,0.11,0.874119454,0.141755846
10/12/12,0,0.454636221,0.123755789
10/13/12,0,0.536293101,0.133742763
10/14/12,0.53,0.358260117,0.106564848
10/15/12,0.06,0.391813868,0.103641678
10/16/12,10.37,1.374378824,0.121282573
10/17/12,7.06,1.512225231,0.271349687
10/18/12,7.29,1.28453315,0.823715589
10/19/12,4.63,1.481194087,0.758508304
10/20/12,4.6,1.488082525,0.801912004
10/21/12,11.25,1.806334138,2.44973989
10/22/12,2.59,1.916090608,1.785776282
10/23/12,2.45,2.255178845,1.207569218
10/24/12,5.75,1.511808281,1.429419264
10/25/12,1.96,1.372745252,1.234424342
10/26/12,0,1.596949759,0.757020313
10/27/12,0,1.028738527,0.515015457
10/28/12,0,0.824104147,0.467154899
10/29/12,0,0.78241872,0.402743842
10/30/12,6.86,1.190066287,0.572143679
10/31/12,0.02,0.966556986,0.686815267
11/1/12,4.97,2.132470274,0.454159767
11/2/12,0.34,1.582494529,0.599939804
11/3/12,0,1.217412971,0.403063546
11/4/12,0.11,0.823315938,0.335717433
11/5/12,16.05,1.517922273,1.259170879
11/6/12,7.35,1.644205391,1.517319312
11/7/12,7.79,1.831420023,2.724343509
11/8/12,0.24,2.46836073,1.719101247
11/9/12,0,1.884705151,1.115710415
11/10/12,1.8,1.607926399,0.791925521
11/11/12,5.85,1.405048756,1.034871744
11/12/12,2.13,1.443750479,1.029192493
11/13/12,1.75,1.129795258,0.850750991
11/14/12,6.83,1.840758814,0.96021034
11/15/12,2.5,1.500766244,1.314271925
11/16/12,1.1,1.540911306,1.076364168
11/17/12,0.7,1.393522289,0.882728956
11/18/12,0,1.657577068,0.693083819
11/19/12,0.96,0.787143381,0.584487296
11/20/12,0.17,0.865922673,0.512251127
11/21/12,5.17,1.403158556,0.432786248
11/22/12,5.59,1.528551048,0.705205567
11/23/12,0.19,1.537591684,0.96127909
11/24/12,9.09,1.920939966,0.670915862
11/25/12,6.36,1.772892987,1.223528095
11/26/12,7.02,1.811262455,1.553014813
11/27/12,17.37,2.877709451,7.105274482
11/28/12,2.75,1.523500633,1.693108154
11/29/12,4.11,1.642151499,1.47739698
11/30/12,6.67,2.037444019,1.903865586
12/1/12,0,2.226879411,1.332711255
12/2/12,0,1.632058602,1.039940898
12/3/12,0,1.253151675,0.683000195
12/4/12,0,0.840878229,0.515346294
12/5/12,0,0.623467276,0.37510166
12/6/12,0,0.383719435,0.282089559
12/7/12,0.06,0.144959895,0.286711916
12/8/12,2.77,0.635742066,0.299331481
12/9/12,4.4,0.428627843,0.475953957
12/10/12,0.71,0.74136641,0.449102745
12/11/12,0,1.2849687,0.343902193
12/12/12,15.21,1.366167298,1.455940013
12/13/12,0.79,1.454246887,1.020358571
12/14/12,0,2.963491587,0.531076885
12/15/12,0,1.829733865,0.317691982
12/16/12,0,1.090510647,0.271807415
12/17/12,0,0.623728678,0.254760366
12/18/12,0,0.370050175,0.233035373
12/19/12,4.06,1.107063595,0.237810901
12/20/12,1.39,1.073210921,0.287510743
12/21/12,0.22,0.831280307,0.249243595
12/22/12,12.42,1.917204652,0.481588525
12/23/12,0.2,1.253324223,0.614294256
12/24/12,1.67,1.011790273,0.410275785
12/25/12,4.87,1.982524621,0.388408791
12/26/12,14.17,2.348733041,2.267221609
12/27/12,0.43,1.490879213,2.019604214
12/28/12,0,1.060331257,0.771643937
12/29/12,0.24,1.315603879,0.601381211
12/30/12,5.28,1.723549836,0.621213443
12/31/12,3.26,0.925491988,1.041211532
1/1/13,0.71,0.758685404,0.764758931
1/2/13,5.6,0.876591749,0.939899655
1/3/13,25.68,1.027574134,9.250658981
1/4/13,8.97,0.969972845,8.730298674
1/5/13,7.31,1.200918211,4.96624801
1/6/13,0.96,1.767427158,4.356572118
1/7/13,1.08,1.484193428,2.527903183
1/8/13,0.43,1.040186478,1.727079414
1/9/13,2.46,0.5680376,1.570765983
1/10/13,1.83,0.643570092,1.501038409
1/11/13,0.73,1.057854022,1.319534634
1/12/13,1.07,1.890370229,0.947216104
1/13/13,2.94,2.141729541,0.993115269
1/14/13,0,1.146967921,0.595775841
1/15/13,0.2,0.582608795,0.467563442
1/16/13,1.57,1.354252678,0.416522325
1/17/13,6.76,1.523250158,0.548795992
1/18/13,0.22,1.113146602,0.571671077
1/19/13,0,1.048081299,0.325770077
1/20/13,0,1.02884309,0.246247038
1/21/13,0,0.659405091,0.205685703
1/22/13,2.44,0.803182072,0.182728977
1/23/13,5.79,1.492865362,0.255058459
1/24/13,19.26,1.826783664,3.732764422
1/25/13,5.75,2.341650424,1.634705283
1/26/13,0.17,2.049726003,1.300678196
1/27/13,0.48,1.476590858,0.818564563
1/28/13,6.54,0.57815122,1.339390723
1/29/13,0.8,0.977529965,1.184121974
1/30/13,0,1.161159643,0.874201662
1/31/13,0.89,0.970137695,0.768936988
2/1/13,1.53,1.477696716,0.71865191
2/2/13,0.11,0.967648849,0.894654258
2/3/13,2.49,1.0140777,0.719735923
2/4/13,9.02,1.486295083,2.607124504
2/5/13,8.27,1.419860561,5.301326787
2/6/13,4.28,2.175176793,4.076067427
2/7/13,1.5,2.176625272,2.989904569
2/8/13,15.98,1.662719902,13.13016089
2/9/13,9.75,1.050281559,10.16707455
2/10/13,11.03,1.856826709,11.96394861
2/11/13,8.29,1.490628246,9.987532112
2/12/13,1.45,1.18668602,6.082428776
2/13/13,5.63,1.684923102,5.629844189
2/14/13,3.65,1.551291242,5.505197915
2/15/13,3.06,1.590582953,3.634744917
2/16/13,0.94,1.621617315,2.776005938
2/17/13,2.96,1.324393183,2.316873902
2/18/13,3.06,1.504960358,2.490879366
2/19/13,0.26,0.97555221,2.010491096
2/20/13,0,0.936766384,1.396822576
2/21/13,2.09,1.251337367,1.167052712
2/22/13,3.25,1.06430958,1.412962932
2/23/13,2.16,1.167071882,1.62337479
2/24/13,0.39,1.407913658,1.390433756
2/25/13,0.73,1.025374602,0.983956894
2/26/13,1.61,0.768938086,0.991991006
2/27/13,1.11,0.726592322,0.988123983
2/28/13,1.75,0.707287157,1.107007319
3/1/13,3.41,1.117103809,1.54840687
3/2/13,7.86,1.293897235,3.059033994
3/3/13,1.15,1.068348254,2.540061799
3/4/13,6.2,1.103588207,2.713618974
3/5/13,4.92,1.505198158,4.928483683
3/6/13,0.41,2.303236399,2.913128176
3/7/13,0,1.370396963,2.060654906
3/8/13,0,0.790330598,1.46935625
3/9/13,0.74,0.650596991,1.258684259
3/10/13,0.75,1.031763939,1.082261856
3/11/13,0,0.745909771,0.889847398
3/12/13,0.11,0.592216188,0.726894658
3/13/13,10.41,2.138760235,0.733912743
3/14/13,2.2,1.31167012,2.056601919
3/15/13,4.03,1.703237555,1.104044568
3/16/13,2.6,1.539665342,1.239517644
3/17/13,8.35,1.612755107,2.020032075
3/18/13,9.29,1.527309153,5.086372036
3/19/13,0.06,2.099831695,2.209988154
3/20/13,0.08,1.251065659,1.584605679
3/21/13,0.02,0.883458834,1.285609036
3/22/13,7.96,2.078673273,1.68045787
3/23/13,8.45,2.516662999,2.582349141
3/24/13,4.66,1.882100475,2.489366956
3/25/13,0.26,2.488130598,2.094757581
3/26/13,6.72,1.52711515,1.457065103
3/27/13,0.13,1.284357794,1.746741053
3/28/13,0.82,1.32666913,1.174330109
3/29/13,5.97,0.938003809,1.343786387
3/30/13,5.9,1.394950698,1.931938054
3/31/13,4.34,1.14762487,2.437679352
4/1/13,1.33,0.830255734,2.107535989
4/2/13,2.91,1.391322031,1.950124687
4/3/13,0.19,1.554649317,1.826537872
4/4/13,0.81,0.868192662,1.319384279
4/5/13,0,1.548261759,1.036094107
4/6/13,6.63,1.620592698,1.154944823
4/7/13,2.07,0.900819395,1.535116252
4/8/13,0.65,0.845218191,1.075433852
4/9/13,2.46,1.461288146,1.181657334
4/10/13,0,1.589018352,0.81865916
4/11/13,5.09,1.888462865,0.946223811
4/12/13,0.02,1.267956447,0.916381083
4/13/13,1.17,0.580396417,0.726858175
4/14/13,0.41,0.564162746,0.670346547
4/15/13,0.76,0.59709731,0.603529861
4/16/13,0.43,0.781779716,0.594667047
4/17/13,0.23,0.55512182,0.52805278
4/18/13,2.12,0.622161037,0.562688084
4/19/13,4.38,1.060246325,0.565276791
4/20/13,5.06,0.428570425,1.677598646
4/21/13,0.58,0.41932784,0.652534629
4/22/13,1.07,0.418038464,0.560723919
4/23/13,0,0.401469804,0.493532756
4/24/13,0.02,0.4,0.390380741
4/25/13,0,0.4,0.324208064
4/26/13,0,0.4,0.287765159
4/27/13,0,0.4,0.259137302
4/28/13,0,0.4,0.241717036
4/29/13,0,0.4,0.229628689
4/30/13,0,0.4,0.231088586
5/1/13,1.41,0.4,0.22679771
5/2/13,0.11,0.4,0.231181597
5/3/13,0,0.3,0.213725095
5/4/13,1.25,0.3,0.192275388
5/5/13,10.49,0.3,0.248793617
5/6/13,15.74,0.3,0.727159329
5/7/13,2.51,0.3,3.958392797
5/8/13,0.71,0.3,0.695406064
5/9/13,0.41,0.3,0.508676017
5/10/13,0.37,0.3,0.439223347
5/11/13,0.76,0.3,0.374138154
5/12/13,0.25,0.3,0.349184229
5/13/13,0.69,0.3,0.309920848
5/14/13,3.26,0.355667575,0.353222119
5/15/13,5.1,0.831008847,0.543734342
5/16/13,7.22,1.466019577,1.175458653
5/17/13,0.32,1.786323792,1.053282025
5/18/13,0.51,1.402322041,0.595664412
5/19/13,15.16,1.209865589,4.356606205
5/20/13,19.34,1.341891331,7.139268212
5/21/13,3.94,1.419391209,8.682504039
5/22/13,4.85,2.194536771,2.729268984
5/23/13,1.56,1.130928033,2.23797512
5/24/13,0.64,0.961062646,1.848340859
5/25/13,1.34,1.536148755,1.365578453
5/26/13,6.35,1.553102433,1.611833517
5/27/13,1.1,2.160751955,1.649847525
5/28/13,5.18,1.676289071,1.873085979
5/29/13,4.04,1.613427602,1.942056407
5/30/13,7.65,2.153079393,2.616433743
5/31/13,15.78,2.031024281,4.944234568
6/1/13,7.49,2.20502251,4.726625373
6/2/13,1.15,1.768285084,3.348510775
6/3/13,1.93,0.864886269,2.580109676
6/4/13,0.51,0.805520329,1.927344689
6/5/13,0.79,0.73195992,1.552833527
6/6/13,0,0.77519246,1.232875906
6/7/13,4.2,0.597419111,1.497104347
6/8/13,13.12,0.65143224,3.557237459
6/9/13,16.77,0.733406096,6.384451832
6/10/13,15.31,1.627964799,7.814071685
6/11/13,13.1,2.461578014,7.95377257
6/12/13,7.81,2.503593622,6.672288995
6/13/13,0.71,1.689392579,4.56822844
6/14/13,0.17,1.106751717,3.204836519
6/15/13,0,0.976088404,2.352466365
6/16/13,0.17,1.560934299,1.839784174
6/17/13,0,0.750394388,1.509078404
6/18/13,1.42,0.732136218,1.360081906
6/19/13,1.06,0.7504162,1.252353033
6/20/13,2.14,0.8307965,1.24938554
6/21/13,0.15,0.956877649,1.130538232
6/22/13,0.11,0.884379234,1.047119997
6/23/13,0.54,0.647955922,1.001693339
6/24/13,0.32,1.034257092,0.958585257
6/25/13,0,0.560802267,0.916547245
6/26/13,0,0.127268735,0.88397769
6/27/13,0,0.049369141,0.857290159
6/28/13,4.16,2.109772131,0.967553717
6/29/13,0.19,0.549477459,0.901170211
6/30/13,10.51,1.879281012,1.771541687
7/1/13,1.59,1.66267139,1.564475468
7/2/13,3.45,1.502685782,1.631835137
7/3/13,2.53,1.95546358,1.575632986
7/4/13,0.17,1.800046604,1.269133038
7/5/13,0.13,0.800778898,1.069927792
7/6/13,0.49,0.778131643,0.959048955
7/7/13,5.61,1.494143693,1.281264306
7/8/13,3.58,1.31405557,1.420746741
7/9/13,8.16,1.443230115,2.277324803
7/10/13,0.06,1.469256906,1.675764848
7/11/13,0.24,1.607072343,1.323555451
7/12/13,1.42,1.479860964,1.203903981
7/13/13,2.15,1.126940474,1.179673278
7/14/13,1.64,1.343355763,1.122799069
7/15/13,0.75,0.747844112,1.001077182
7/16/13,3.56,1.375575048,1.180229256
7/17/13,7.15,1.102278005,1.855834307
7/18/13,5.46,1.652577203,2.261518905
7/19/13,0,1.694731154,1.639138406
7/20/13,0.55,1.72785141,1.314968322
7/21/13,1.35,1.183642071,1.16906592
7/22/13,0.66,0.804922404,1.012390532
7/23/13,0.97,0.787406433,0.931882999
7/24/13,0.37,0.616205536,0.834439065
7/25/13,2.8,0.370579226,0.955316177
7/26/13,0,0.812121011,0.817255258
7/27/13,0,1.395720438,0.728626053
7/28/13,0,1.186918218,0.670024302
7/29/13,1.55,0.592700687,0.687377836
7/30/13,1.3,0.281535048,0.697268833
7/31/13,10.49,0.685842442,1.834223128
8/1/13,1.78,1.759303053,1.620461224
8/2/13,2.06,0.266069795,1.48499832
8/3/13,1.85,2.07450617,1.39834684
8/4/13,0,1.290627949,1.069562742
8/5/13,2.65,0.462121587,1.13160511
8/6/13,5.48,0.432170602,1.646390988
8/7/13,1.78,1.04727006,1.504021714
8/8/13,2.05,3.185873894,1.442183118
8/9/13,0.25,2.109916064,1.116169387
8/10/13,0.24,1.137436988,0.905036899
8/11/13,2,1.549471579,0.864235578
8/12/13,0.11,1.068999921,0.735837619
8/13/13,1.29,1.02505296,0.69142131
8/14/13,3.84,1.386432313,0.816119813
8/15/13,0.39,1.014952333,0.713827611
8/16/13,0.37,0.737255466,0.83440263
8/17/13,0.69,0.291388986,0.687128923
8/18/13,0,0.166054175,0.649727903
8/19/13,0,0.188770858,0.583303175
8/20/13,1.91,0.174534161,0.629711711
8/21/13,0.74,0.263540261,0.728106897
8/22/13,0,0.638371264,0.594413682
8/23/13,0,0.535802883,0.460987981
8/24/13,2.42,0.837702133,0.480588858
8/25/13,4.14,1.334429231,0.771721243
8/26/13,3.02,0.666913622,1.053812033
8/27/13,0.02,0.950973045,1.119706733
8/28/13,3.46,1.177602081,1.259923496
8/29/13,0.32,1.046445994,0.762745043
8/30/13,0,1.482080295,0.581324365
8/31/13,0,0.487329239,0.489354626
9/1/13,0.28,0.460341179,0.471340913
9/2/13,0,0.883602364,0.40860614
9/3/13,1.5,0.825581509,0.37802964
9/4/13,1.56,0.583582271,0.411655759
9/5/13,1.84,0.470502689,0.428804553
9/6/13,0,0.517967917,0.398048185
9/7/13,0.59,0.351507948,0.361179041
9/8/13,10.05,1.109046781,0.614812236
9/9/13,3.09,0.732032905,1.702945583
9/10/13,6.57,0.72625309,2.273935579
9/11/13,0,1.057374982,1.297663093
9/12/13,3.5,2.164928975,0.946791744
9/13/13,1.53,2.507762163,1.076910193
9/14/13,0,1.301066485,0.744499039
9/15/13,2.56,0.769627521,0.623222285
9/16/13,1.58,0.732715522,0.880006273
9/17/13,0,0.748749805,0.594737876
9/18/13,4.91,0.948353165,0.836746148
9/19/13,2.86,0.507728693,1.257350479
9/20/13,0,1.752783679,0.771059163
9/21/13,0,2.319574852,0.504405211
9/22/13,0,1.089104415,0.422021765
9/23/13,1.96,0.695965252,0.427036188
9/24/13,1.01,0.466297353,0.42190429
9/25/13,0.17,0.61237447,0.381014933
9/26/13,0.5,0.499401041,0.35220265
9/27/13,0,0.634670269,0.316781798
9/28/13,0,0.392167605,0.288669605
9/29/13,0.63,0.375404806,0.311570744
9/30/13,2.24,0.821843069,0.417970435
10/1/13,2.31,1.438961063,0.552378824
10/2/13,0,0.990418282,0.713709379
10/3/13,1.72,0.640118054,0.451749765
10/4/13,0,0.433540308,0.400318968
10/5/13,1.09,0.388109164,0.327075056
10/6/13,2.75,0.713303438,0.476217867
10/7/13,0,0.882924358,0.459105303
10/8/13,0.44,0.607149015,0.338249628
10/9/13,0.66,0.554365423,0.272258777
10/10/13,0.11,0.525569392,0.194086736
10/11/13,0,0.633472581,0.177593656
10/12/13,7.69,1.470829739,0.538044763
10/13/13,3.78,1.220245735,2.971118685
10/14/13,2.93,1.021712244,1.565727021
10/15/13,4.25,1.458519501,2.243243556
10/16/13,2.7,1.336703263,2.219374222
10/17/13,7.28,2.039359977,3.984225931
10/18/13,0.33,2.297166979,2.432235629
10/19/13,4.74,2.556826271,1.112898474
10/20/13,1.4,1.628532597,1.912630997
10/21/13,0.22,0.821577584,1.107064844
10/22/13,2.63,1.357557094,0.979757404
10/23/13,1.7,1.269056395,0.925924789
10/24/13,0,1.008776712,0.677519886
10/25/13,0.17,0.840119989,0.50928314
10/26/13,0.92,0.675855982,0.44176992
10/27/13,0.4,0.534390848,0.391894334
10/28/13,0,0.558957214,0.334440632
10/29/13,6.22,1.471992321,0.647637265
10/30/13,9.01,1.807770058,1.333343505
10/31/13,0,2.452431624,0.640853378
11/1/13,0,1.718923993,0.323039169
11/2/13,0,0.951536805,0.257264931
11/3/13,0,0.742900897,0.212460444
11/4/13,0,0.463167462,0.189894836
11/5/13,0,0.330322277,0.171972275
11/6/13,0,0.174947558,0.163332198
11/7/13,0,0.10132158,0.14508548
11/8/13,0,0.079261398,0.136466828
11/9/13,0.06,0.079916197,0.123883154
11/10/13,2.29,0.724669928,0.125256425
11/11/13,0.06,0.469073816,0.12630678
11/12/13,0.22,0.346900341,0.109965091
11/13/13,1.51,0.484931589,0.107990166
11/14/13,0.9,0.455372501,0.113091956
11/15/13,0.11,0.388012983,0.101770043
11/16/13,0.09,0.439240764,0.096194558
11/17/13,0.11,0.34567121,0.09074072
11/18/13,0.24,0.303015867,0.087145476
11/19/13,15.01,2.301826459,0.22996127
11/20/13,3.14,1.557543176,0.22755131
11/21/13,0.02,1.9150692,0.156501256
11/22/13,0,1.04720135,0.119723789
11/23/13,0.54,0.94280581,0.108564815
11/24/13,3.35,1.001131218,0.107795182
11/25/13,0.11,1.057429203,0.112691289
11/26/13,0,1.151085157,0.089508012
11/27/13,0.02,0.934745338,0.079942792
11/28/13,0,0.6203108,0.067704932
11/29/13,0,0.353792967,0.063237509
11/30/13,0,0.263832107,0.054959555
12/1/13,0,0.1083001,0.05232553
12/2/13,0,0.08280912,0.052045077
12/3/13,0.49,0.128996867,0.05442172
12/4/13,9.56,0.761174015,0.079109782
12/5/13,0.31,1.436803936,0.101506866
12/6/13,0.31,1.262853097,0.077969108
12/7/13,1.59,1.282814407,0.073649522
12/8/13,1.96,0.973500592,0.079576204
12/9/13,5.41,1.480796358,0.089898431
12/10/13,0,0.95069047,0.100885008
12/11/13,0.11,1.312689171,0.07477677
12/12/13,0,1.1090559,0.061957603
12/13/13,14.17,2.391963054,0.182663384
12/14/13,2.32,1.977604323,0.27621623
12/15/13,0.11,1.643044825,0.162384471
12/16/13,1.36,1.007459762,0.108597565
12/17/13,3.85,1.403305268,0.114160478
12/18/13,1.46,1.086834965,0.151998451
12/19/13,1.61,0.739675984,0.139994265
12/20/13,0.07,0.784177228,0.126284374
12/21/13,0.73,0.866740287,0.108512803
12/22/13,0,1.263095218,0.097533344
12/23/13,0,1.139823462,0.072848023
12/24/13,0,0.602082468,0.05832584
12/25/13,0,0.412413104,0.050779778
12/26/13,0,0.275076792,0.048084263
12/27/13,0.18,0.149826717,0.044505354
12/28/13,0.13,0.136485222,0.04132884
12/29/13,2.08,0.23796474,0.043955707
12/30/13,1.09,0.457892909,0.046866212
12/31/13,0.16,1.022803151,0.044177438
1/1/14,0.31,0.39340688,0.038949319
1/2/14,0.13,0.508323671,0.034039375
1/3/14,0,0.320815535,0.032221906
1/4/14,0.56,0.242923881,0.031969684
1/5/14,16.73,0.979593607,0.217048577
1/6/14,9.04,1.249545047,0.535460405
1/7/14,19.33,1.659902607,3.779385841
1/8/14,5.07,1.304150333,1.997967485
1/9/14,0.92,1.913385781,0.839162253
1/10/14,6.57,1.831918755,1.3131429
1/11/14,1.09,1.532665353,1.075422659
1/12/14,0.49,1.691999249,0.68149958
1/13/14,0,0.750385539,0.404541016
1/14/14,1.07,0.616035728,0.32869293
1/15/14,0.11,0.906208127,0.286776617
1/16/14,2.48,0.856355726,0.218172585
1/17/14,0.71,0.768626046,0.234125587
1/18/14,3.87,0.591960457,0.274945172
1/19/14,0.82,1.242169654,0.291629988
1/20/14,1.21,1.307232398,0.256682616
1/21/14,0.89,1.573384621,0.207143009
1/22/14,0.35,1.006631479,0.176721478
1/23/14,0.02,0.775795495,0.154439218
1/24/14,0.53,0.89030087,0.122827686
1/25/14,5.97,1.349502209,0.123311791
1/26/14,3.08,1.157231652,0.181545287
1/27/14,5.31,1.625932245,0.283141055
1/28/14,3.9,2.247728935,0.292515421
1/29/14,1.29,1.489642169,0.233704225
1/30/14,3.23,1.429577048,0.19935084
1/31/14,0.2,0.922801594,0.236606064
2/1/14,1.02,1.404732016,0.166661867
2/2/14,0,1.054183466,0.129748759
2/3/14,0,0.929045056,0.107904448
2/4/14,0.23,0.627629185,0.093590506
2/5/14,3.47,0.591072595,0.115714369
2/6/14,0,0.873200313,0.102858888
2/7/14,0.66,0.865749012,0.090762981
2/8/14,0.13,0.663456765,0.079539091
2/9/14,0,0.566623937,0.072656312
2/10/14,0,0.236168834,0.064484443
2/11/14,0,0.1913772,0.05986316
2/12/14,0.13,0.218189508,0.053694147
2/13/14,1.48,0.561441619,0.052757005
2/14/14,2.59,0.919114681,0.063497342
2/15/14,4.34,1.266524142,0.225540892
2/16/14,0,0.919345754,0.095315355
2/17/14,6.42,1.356808994,0.182803924
2/18/14,0.13,0.939542189,0.347530825
2/19/14,1.58,1.209620662,0.170914214
2/20/14,0.4,1.220942737,0.135693089
2/21/14,1.31,0.796330764,0.125947269
2/22/14,0.64,0.934526527,0.108812933
2/23/14,2.17,0.585145166,0.093813696
2/24/14,1.49,0.910927958,0.116028597
2/25/14,3.67,1.183739595,0.131126535
2/26/14,0.13,1.027450835,0.153549915
2/27/14,4.28,0.809313405,0.188908058
2/28/14,6.15,2.076114927,0.324204742
3/1/14,10.25,1.88201213,1.312042801
3/2/14,4.2,1.8849583,0.818505252
3/3/14,5.66,2.095311768,1.135331867
3/4/14,6.43,2.401227395,0.845215953
3/5/14,8.63,2.303163389,1.457150735
3/6/14,1.15,1.397774398,1.309164862
3/7/14,0.47,1.862701987,0.792880637
3/8/14,7.86,1.849258569,1.032559297
3/9/14,16.51,1.273796065,4.56286776
3/10/14,2.18,2.071712493,2.212774624
3/11/14,0,2.138210046,1.316271903
3/12/14,1.06,1.414757588,0.795270033
3/13/14,4.66,1.373011085,0.677089467
3/14/14,0.6,0.894360315,0.707160172
3/15/14,20.87,2.571002141,4.057927741
3/16/14,1.93,1.667557861,2.52715088
3/17/14,6.51,1.195266747,1.37584317
3/18/14,8.07,1.217103729,2.303387636
3/19/14,5.34,0.765618011,2.582550899
3/20/14,2.87,0.908173862,1.817870644
3/21/14,2.85,0.992408323,1.480279064
3/22/14,3.84,0.51378387,1.480892633
3/23/14,14.19,1.168817545,3.667724156
3/24/14,3.91,0.973654221,3.65301107
3/25/14,1.92,2.403596856,2.017463193
3/26/14,7.27,1.894318474,1.60419446
3/27/14,0.26,1.025991197,1.995303207
3/28/14,0,2.170199416,1.07823667
3/29/14,0.28,1.374262271,0.736636942
3/30/14,4.55,1.035313452,0.897531452
3/31/14,1,1.75285634,0.642122833
4/1/14,0.02,1.323481805,0.4525111
4/2/14,0,0.344565678,0.347503232
4/3/14,1.5,0.620192047,0.339548657
4/4/14,0.13,0.338452786,0.345317147
4/5/14,4.83,1.245734344,0.36517576
4/6/14,0.48,0.447830026,0.847490205
4/7/14,1.06,0.451480805,0.611548472
4/8/14,5.04,0.670271352,0.910292784
4/9/14,0,0.978122302,0.890642645
4/10/14,0.13,0.696593479,0.591358413
4/11/14,0,1.019815062,0.494094312
4/12/14,0,1.079510024,0.406334179
4/13/14,0,0.312346821,0.371743934
4/14/14,1.17,0.761386372,0.339240804
4/15/14,3.41,0.656956837,0.455741523
4/16/14,2.09,1.302157884,0.654036991
4/17/14,3.05,1.670479654,0.436643675
4/18/14,2.17,1.354314076,0.873841842
4/19/14,7.55,1.147546615,3.083717794
4/20/14,0.4,1.166674231,1.617357398
4/21/14,3.55,0.987964988,1.632599436
4/22/14,0.17,1.146672399,1.562245652
4/23/14,2.06,1.386712167,1.225026691
4/24/14,9.08,1.360724567,3.414070397
4/25/14,3.91,1.994653289,4.080907192
4/26/14,3.03,1.967098514,2.333887272
4/27/14,2.53,1.618369959,3.115816249
4/28/14,2.69,1.808240586,1.682923443
4/29/14,7.22,1.291620839,4.584817624
4/30/14,1.32,1.757932871,2.09404774
5/1/14,1.51,1.63367779,1.903305102
5/2/14,1.73,1.040337421,1.604063915
5/3/14,0.32,0.705259305,1.465616078
5/4/14,0.89,0.684175172,1.184348372
5/5/14,2.68,1.719702199,0.982483948
5/6/14,0.5,0.971082079,1.107794214
5/7/14,2.19,1.084903768,0.953713104
5/8/14,11.3,0.953164196,6.439485461
5/9/14,11.24,1.459583387,7.698417337
5/10/14,14.74,1.778718587,15.66799831
5/11/14,4.94,1.962748347,14.86142784
5/12/14,4.66,1.674260828,7.193609431
5/13/14,0,1.314122071,2.712294088
5/14/14,8.27,1.616686068,3.596139658
5/15/14,0.11,1.462442944,2.52797388
5/16/14,4.02,1.173837069,2.144619461
5/17/14,0.4,1.708170551,1.774210673
5/18/14,2.86,0.723362836,1.622187402
5/19/14,1.64,1.037257599,1.55381848
5/20/14,1.28,1.272122362,1.398723564
5/21/14,0.11,1.556712781,0.999231154
5/22/14,0.34,0.895250627,0.794981159
5/23/14,1.64,0.68961807,0.763886791
5/24/14,1.63,0.953318291,0.938969431
5/25/14,1.08,0.802752787,0.610816966
5/26/14,0,0.554611111,0.598362605
5/27/14,0,0.494631889,0.48989918
5/28/14,2.06,0.525173168,0.477057907
5/29/14,6.29,1.013405287,1.048537561
5/30/14,0.26,1.094479992,0.695778869
5/31/14,1.33,1.07393687,0.595062508
6/1/14,6.49,0.853246858,0.983183748
6/2/14,3.01,0.751805216,1.571817954
6/3/14,0.24,1.164231879,1.21484767
6/4/14,0.28,1.287717045,0.923605953
6/5/14,2.18,0.613910448,0.783113381
6/6/14,18.47,0.773480626,11.51270492
6/7/14,0.28,1.915730146,2.324182162
6/8/14,0.13,1.355437843,1.432798322
6/9/14,3,0.93975042,1.340089046
6/10/14,2.47,0.702453538,1.523291186
6/11/14,0.75,0.925449588,1.064810845
6/12/14,0.13,1.247934593,0.802974001
6/13/14,4.28,0.834012205,0.763155673
6/14/14,8.57,0.804233876,1.806257025
6/15/14,0.9,0.76566371,1.49817582
6/16/14,1.66,0.974251567,1.091568239
6/17/14,1.66,0.919728355,1.097096786
6/18/14,0.02,0.668630397,0.900507227
6/19/14,0.46,0.466504324,0.72851034
6/20/14,0.02,1.489338795,0.612100136
6/21/14,0,0.731225925,0.488672085
6/22/14,0.37,0.781843837,0.418543742
6/23/14,4.4,0.550622546,0.643901036
6/24/14,8.22,0.633160637,2.583763864
6/25/14,8.88,0.711601139,3.559791977
6/26/14,0.94,1.168534472,2.714449628
6/27/14,1.37,1.231839827,1.542001777
6/28/14,0.13,1.12849528,1.225742229
6/29/14,0.02,0.930687264,0.901019682
6/30/14,1.82,0.917758476,0.778556564
7/1/14,2.13,1.769591209,0.716719362
7/2/14,0.11,1.184743962,0.596641038
7/3/14,1.06,0.990994192,0.445194928
7/4/14,0.13,0.864707258,0.434290949
7/5/14,2.99,0.36266783,0.480868689
7/6/14,1.56,0.600413796,0.519166946
7/7/14,15.68,0.996886471,3.427816192
7/8/14,1.14,1.326499314,1.609343903
7/9/14,0.2,1.018944114,0.972856571
7/10/14,0.46,2.232245172,0.749189406
7/11/14,0,1.034588714,0.598790814
7/12/14,0,0.819462504,0.473214863
7/13/14,0,0.400353929,0.426467409
7/14/14,8.43,0.406816257,0.916754035
7/15/14,2.39,0.924060696,1.361347669
7/16/14,1.52,1.065862614,0.641635434
7/17/14,2.63,0.520271016,0.837511801
7/18/14,0.44,0.706557431,0.797818232
7/19/14,1.33,0.572219779,0.735289915
7/20/14,9.03,0.650969437,1.462373494
7/21/14,0.26,1.155484088,1.799677108
7/22/14,0,2.327683226,0.919457087
7/23/14,0,0.996999473,0.680591987
7/24/14,0.26,0.666478596,0.578528134
7/25/14,0.73,0.478572161,0.554620525
7/26/14,0.44,1.179442672,0.46314546
7/27/14,1.83,0.812000084,0.44806207
7/28/14,3.56,0.624242802,0.475275344
7/29/14,0.26,0.505594675,0.523642622
7/30/14,0,0.765051152,0.338111184
7/31/14,0,0.794100865,0.342472202
8/1/14,0.11,0.585160403,0.327574276
8/2/14,0,0.584221307,0.264459753
8/3/14,0.02,0.482423383,0.248608114
8/4/14,0.11,0.193230839,0.216037062
8/5/14,6.9,0.429558277,0.383639383
8/6/14,8.24,0.752185803,1.225151713
8/7/14,0,1.464708318,0.790472714
8/8/14,0.61,0.890491533,0.409283439
8/9/14,3.59,0.660382204,0.540571968
8/10/14,0.24,0.670295986,0.49602373
8/11/14,0.53,1.084540652,0.429062532
8/12/14,6,0.8323817,0.560777163
8/13/14,1.51,0.620502807,0.868334475
8/14/14,0,0.891694178,0.526708238
8/15/14,2.9,0.699196852,0.507741644
8/16/14,5.99,0.416593709,2.035002847
8/17/14,0,1.399238206,0.948150911
8/18/14,1.09,0.449039207,0.722136826
8/19/14,0,0.975324044,0.684030924
8/20/14,0,0.888411688,0.506762067
8/21/14,0,1.482188133,0.418191598
8/22/14,0,0.938021935,0.336725562
8/23/14,0,0.869049434,0.283440524
8/24/14,0.4,0.312750133,0.261681497
8/25/14,3.46,0.480614361,0.323824204
8/26/14,1.06,0.972524213,0.356295851
8/27/14,0.07,0.745780244,0.273798318
8/28/14,2.7,0.916432969,0.263276685
8/29/14,0.42,0.69514325,0.259219457
8/30/14,1.14,0.541851141,0.248603003
8/31/14,0,1.510393568,0.206189766
9/1/14,0.02,0.680511417,0.149418296
9/2/14,0.02,0.472646558,0.146484617
9/3/14,0,0.377634501,0.138558788
9/4/14,0,0.207953778,0.129715815
9/5/14,0.11,0.299735494,0.12047111
9/6/14,0,0.314307237,0.10566366
9/7/14,0,0.233430808,0.091933999
9/8/14,0,0.104825567,0.084904247
9/9/14,0,0.071312732,0.083286414
9/10/14,0,0.076980003,0.094327209
9/11/14,3.15,0.598265525,0.101505275
9/12/14,10.38,0.899663514,0.460197528
9/13/14,5.67,1.593840701,0.582634572
9/14/14,1.23,0.944499378,0.537088177
9/15/14,7.71,1.19593609,1.847474974
9/16/14,0.24,1.989547575,0.861359012
9/17/14,0,2.205765667,0.380754844
9/18/14,0,1.26457957,0.279786805
9/19/14,0,0.62311929,0.23452303
9/20/14,8.76,1.834655771,1.426480901
9/21/14,1.53,1.323752362,1.019830865
9/22/14,10.78,1.526604312,2.806697086
9/23/14,1.9,1.805999524,1.923596901
9/24/14,0.73,1.827425334,1.217282743
9/25/14,0,1.701814035,0.619575343
9/26/14,1.69,1.325718133,0.488108001
9/27/14,0,0.654574289,0.440715222
9/28/14,0.13,0.515896171,0.336069174
9/29/14,0.02,0.533393871,0.293199989
9/30/14,0.35,0.640666259,0.256709607
10/1/14,0.82,0.32416912,0.226913209
10/2/14,2.13,0.398588099,0.269016525
10/3/14,1.08,0.443917987,0.290078442
10/4/14,0,0.353805705,0.267652203
10/5/14,0,0.586849694,0.215144059
10/6/14,0,0.334411411,0.192328714
10/7/14,11.68,0.922146075,2.003241853
10/8/14,0.87,1.019444446,1.190013963
10/9/14,7.97,1.67808532,1.606669738
10/10/14,6.44,1.562224858,1.961971903
10/11/14,18.64,2.074668728,8.970273843
10/12/14,5.55,1.143271341,6.695389983
10/13/14,0.4,1.493940321,2.356068509
10/14/14,1.13,0.425690752,1.695124535
10/15/14,4.42,0.657117186,2.022714231
10/16/14,3.1,0.579924165,2.632673886
10/17/14,1.23,1.485799019,1.907094347
10/18/14,0,1.748535704,1.360289797
10/19/14,0,1.649924467,0.932396282
10/20/14,0.88,0.98952604,0.709763142
10/21/14,0.72,1.095589957,0.699635806
10/22/14,2.56,1.234668776,0.554370487
10/23/14,2.33,1.133587346,0.536389483
10/24/14,1.86,1.473932747,0.531576205
10/25/14,4.77,1.545246119,0.690700073
10/26/14,0,1.713399368,0.605131774
10/27/14,1.28,1.110150127,0.352555661
10/28/14,0,0.752170805,0.350916078
10/29/14,1.09,0.687049324,0.32196382
10/30/14,0,0.921629925,0.2906342
10/31/14,0,0.538111213,0.243687858
11/1/14,0,0.518678868,0.221111027
11/2/14,0,0.192443009,0.232839883
11/3/14,0,0.173714219,0.22111518
11/4/14,1.06,0.376056755,0.187059089
11/5/14,0,0.243304733,0.182917352
11/6/14,0.11,0.168534224,0.158318059
11/7/14,0.13,0.171260288,0.154981922
11/8/14,6.38,1.593003778,0.180191998
11/9/14,14.25,2.210206822,0.817485971
11/10/14,4.01,2.07561109,2.351270119
11/11/14,4.25,0.989444296,0.58443002
11/12/14,7.76,1.474609648,2.359306857
11/13/14,0,2.178781308,1.097419685
11/14/14,0,1.999265054,0.466648876
11/15/14,0,1.172278603,0.365952941
11/16/14,1.15,0.847913629,0.302837335
11/17/14,0.13,0.631952853,0.294176871
11/18/14,0.97,0.700899299,0.290884351
11/19/14,0,0.772370737,0.329162905
11/20/14,0,0.647967628,0.260806228
11/21/14,0.11,0.396166248,0.237511597
11/22/14,0,0.210387748,0.184060759
11/23/14,0.8,0.303296595,0.184930086
11/24/14,1.61,0.520554226,0.160162785
11/25/14,7.85,1.046648405,0.318694696
11/26/14,4.62,1.07495684,0.454867471
11/27/14,1.75,1.65564626,0.461837313
11/28/14,0,1.391821351,0.239281611
11/29/14,0.22,0.813928424,0.179992712
11/30/14,0.46,0.805780541,0.168919606
12/1/14,1.43,0.684129472,0.169236058
12/2/14,0.13,0.780279021,0.158054269
12/3/14,0,0.807170105,0.145751193
12/4/14,1.19,0.47574288,0.13767284
12/5/14,10.49,0.917964113,0.615848697
12/6/14,18.74,2.86300632,2.1486598
12/7/14,36.06,2.787101729,2.069868856
12/8/14,31.68,2.777725964,1.207744458
12/9/14,31.77,2.094938109,0.547641062
12/10/14,31.72,2.543833692,0.413540496
12/11/14,21.37,2.625919931,0.395470657
12/12/14,0.36,1.529971498,0.392300222
12/13/14,0,1.761948941,0.306003317
12/14/14,0,1.695465706,0.232267372
12/15/14,0,1.203882711,0.184726136
12/16/14,0.63,0.67331619,0.165312806
12/17/14,0,0.314777509,0.177282581
12/18/14,0.08,0.38056572,0.16377759
12/19/14,0.72,0.373454156,0.154567085
12/20/14,1.49,0.520398687,0.158666855
12/21/14,2.35,0.968568321,0.147170268
12/22/14,0.65,0.742360015,0.177755373
12/23/14,0,0.814046325,0.127971186
12/24/14,1.09,0.441024428,0.118690609
12/25/14,1.15,0.485016426,0.127231047
12/26/14,1.89,0.650989555,0.137359924
12/27/14,4.03,0.616402405,0.202623912
12/28/14,4.95,0.928213965,0.451841744
12/29/14,4.03,1.500386829,0.54516431
12/30/14,4.21,1.755170942,0.970177683
12/31/14,0,0.976887474,0.59264423
1/1/15,1.13,1.601819271,0.333323349
1/2/15,0.11,0.749953017,0.27703165
1/3/15,0.74,0.831959109,0.227421096
1/4/15,1.39,0.571011645,0.232351022
1/5/15,0.78,0.51013856,0.269521201
1/6/15,0.02,0.771160765,0.220440186
1/7/15,0.35,0.706078893,0.181769978
1/8/15,0.02,0.717935821,0.162209146
1/9/15,6.58,0.450809957,0.504062991
1/10/15,2.81,0.832485958,0.689802087
1/11/15,0.65,0.839118387,0.508574963
1/12/15,0.26,1.218543975,0.364935206
1/13/15,1.13,1.011459514,0.342989857
1/14/15,0,1.657300971,0.264993716
1/15/15,0,0.982060443,0.21285043
1/16/15,0.19,0.765178946,0.180294157
1/17/15,1.81,0.759437461,0.181165897
1/18/15,7.44,0.815191727,0.88397483
1/19/15,0.63,1.251857511,0.721219156
1/20/15,13.43,1.776326565,4.971233032
1/21/15,17.23,1.972990436,10.03230678
1/22/15,10.4,1.477328121,15.02975075
1/23/15,0.68,1.748421428,3.647374
1/24/15,2.9,1.484655097,2.224315947
1/25/15,0.12,1.144984919,1.643886837
1/26/15,0.12,1.316639533,1.098542956
1/27/15,3.44,1.122623409,1.033768862
1/28/15,1.7,1.342109663,1.259924763
1/29/15,1.68,0.646801868,0.995669042
1/30/15,4.09,0.893670298,1.382557621
1/31/15,5.79,0.764281413,2.770866475
2/1/15,1.95,1.053901051,2.140947803
2/2/15,1.33,0.951233849,1.723323343
2/3/15,0.4,0.797710365,1.495241286
2/4/15,5.76,1.211746599,2.300732497
2/5/15,0.5,1.2,1.840844613
2/6/15,0.69,1.1,1.194391167
2/7/15,8.73,1,3.509624138
2/8/15,10.98,0.9,8.29605166
2/9/15,0.34,0.8,3.063839172
2/10/15,0,0.7,1.668382367
2/11/15,0.1,0.6,1.201741747
2/12/15,0.22,0.5,0.789303549
2/13/15,1.6,0.4,0.66156618
2/14/15,1.16,1.2,0.736261715
2/15/15,5.7,1.1,0.66151375
2/16/15,0.12,1,0.893854667
2/17/15,0,0.9,0.410906529
2/18/15,0.19,0.8,0.317633423
2/19/15,9.34,0.7,1.207104183
2/20/15,0,0.6,0.790706952
2/21/15,0,0.5,0.332786202
2/22/15,0,0.4,0.266989426
2/23/15,14.13,1.2,0.279672581
2/24/15,7.87,1.1,2.166986978
2/25/15,1.16,1,2.924790748
2/26/15,0,0.9,0.658409236
2/27/15,0,0.8,0.475035813
2/28/15,0,0.7,0.365308046
3/1/15,0.23,0.6,0.324331519
3/2/15,11.44,0.5,1.478733392
3/3/15,4.5,0.4,1.593170699
3/4/15,2.44,1.2,1.010095449
3/5/15,0,1.1,0.739564464
3/6/15,5.4,1,0.62835963
3/7/15,2.41,0.9,1.143423836
3/8/15,0.22,0.8,0.784670209
3/9/15,0.82,0.7,0.600878401
3/10/15,8.78,0.6,1.484356444
3/11/15,0.58,0.5,1.41832929
3/12/15,1.54,0.4,0.957631125
3/13/15,3.22,0.3,1.00885915
3/14/15,10.77,0.4,2.244933941
3/15/15,3.97,0.3,3.164745348
3/16/15,0.97,0.21546823,1.979883273
3/17/15,8.54,1.562263803,3.111706312
3/18/15,7.74,1.453595085,5.796358072
3/19/15,2.43,1.282965677,4.275252509
3/20/15,7.65,0.979576197,13.89124868
3/21/15,0.84,1.776519044,3.284506829
3/22/15,3.25,1.303354275,2.850554853
3/23/15,2.88,1.334001108,3.114218941
3/24/15,7.38,2.37476823,4.5668654
3/25/15,6.57,1.361126496,6.946730021
3/26/15,5.08,1.875090651,4.959937523
3/27/15,0.83,1.880278663,2.13928696
3/28/15,4.92,1.840019697,1.600933478
3/29/15,7.46,1.146441169,3.401342998
3/30/15,4.19,1.843581745,2.187631154
3/31/15,3.34,1.68321129,1.777088649
4/1/15,1.36,1.205905137,1.638940468
4/2/15,6.27,0.739718776,7.460163826
4/3/15,0.45,1.330698206,2.867263193
4/4/15,0.19,1.415487902,1.661218246
4/5/15,0.63,1.067452539,1.418385785
4/6/15,0.49,0.766000135,1.227868473
4/7/15,0.11,0.520282733,1.068111101
4/8/15,0,0.929889427,0.751530722
4/9/15,1.07,0.763854424,0.60206231
4/10/15,1.59,0.860800889,0.537543251
4/11/15,2.77,0.575779786,0.677082359
4/12/15,15.43,1.417168752,5.407837137
4/13/15,0.72,1.672390625,1.739889472
4/14/15,1.44,1.429050352,0.980652541
4/15/15,3.46,1.911586937,0.990330642
4/16/15,5.98,2.024075339,1.748573922
4/17/15,5.6,2.009911161,1.689501046
4/18/15,9.86,1.69706901,4.042018847
4/19/15,0.88,1.996795547,1.587232359
4/20/15,0.74,1.747051195,1.214972612
4/21/15,15.33,1.969436024,5.27227108
4/22/15,2.56,1.03489605,2.199019493
4/23/15,11.8,0.95552079,5.618023664
4/24/15,6.57,0.973339364,4.068690211
4/25/15,7.04,0.965440132,4.391728469
4/26/15,6.01,0.825870157,3.819727423
4/27/15,6.34,0.860519887,5.910314216
4/28/15,3.94,0.957951166,3.176914941
4/29/15,11.72,0.863869442,7.0042574
4/30/15,4.55,1.18145153,2.641284953
5/1/15,0.44,1.344431637,1.839334075
5/2/15,0.1,1.974700077,1.396505245
5/3/15,19.32,2.814931945,6.833634638
5/4/15,5.48,2.105771574,2.656262305
5/5/15,0.12,1.075046343,1.591230562
5/6/15,0,0.752481505,1.344055568
5/7/15,0,1.158284183,1.157345687
5/8/15,0.1,0.791239674,0.837068141
5/9/15,0.76,0.614443929,0.753941959
5/10/15,2.11,0.656009929,0.685023179
5/11/15,2.67,0.459780787,0.759550288
5/12/15,6.01,0.522817537,1.316622668
5/13/15,8.72,1.061589661,2.509561536
5/14/15,5.71,0.717264323,2.711264443
5/15/15,0.19,1.491374401,2.035657584
5/16/15,2.55,1.347092973,1.478332017
5/17/15,0.84,1.140271206,1.451994478
5/18/15,2.03,0.961230144,1.303632249
5/19/15,0.83,1.126756485,1.203489939
5/20/15,2.77,0.937300129,0.895322156
5/21/15,1.43,0.73792791,1.306930381
5/22/15,0,1.554883201,0.898993772
5/23/15,0.98,0.791602319,0.723837015
5/24/15,0,1.155501102,0.616238604
5/25/15,1.13,0.772767155,0.520526228
5/26/15,0.55,0.849162052,0.496135895
5/27/15,0,0.422503604,0.44212987
5/28/15,3.32,0.711677245,0.517350116
5/29/15,2.85,0.896415465,0.662465534
5/30/15,1.97,1.205049254,0.694063636
5/31/15,1.27,0.87429284,0.653634169
6/1/15,0,0.860660014,0.463176958
6/2/15,0,0.512460442,0.365212692
6/3/15,2.45,0.459950242,0.381667215
6/4/15,7.57,0.531244839,1.180252442
6/5/15,14.51,0.670463841,7.680057539
6/6/15,4.99,1.194078049,2.676843569
6/7/15,2.24,0.990135922,1.562638224
6/8/15,6.97,0.825129612,2.834869409
6/9/15,0,1.59773729,1.830647829
6/10/15,1.33,1.248865953,1.396993694
6/11/15,0.02,1.419511,1.156855639
6/12/15,3.64,0.616902675,1.038851344
6/13/15,5.75,0.950507524,1.938247343
6/14/15,7.76,2.39436228,2.62758777
6/15/15,0.02,1.997559022,1.693989594
6/16/15,1.17,0.820544845,1.118427211
6/17/15,1.76,0.680784173,1.051344314
6/18/15,0.51,0.833028431,0.806568555
6/19/15,6.19,0.64136372,1.100403028
6/20/15,9.95,0.747469654,3.921053796
6/21/15,0,0.603335813,1.857958524
6/22/15,0,0.930289424,1.322875262
6/23/15,0.55,0.593391509,1.062245532
6/24/15,2.37,0.417358691,1.144375292
6/25/15,8.78,0.567287135,3.148392508
6/26/15,1.44,0.485904151,1.662077976
6/27/15,0.02,0.982268255,1.359138489
6/28/15,1.22,0.594528148,1.182815933
6/29/15,0.14,0.820723531,1.008188608
6/30/15,0,1.723463639,0.726926238
7/1/15,0,1.177446695,0.570313702
7/2/15,0.1,0.857144217,0.465356965
7/3/15,0,0.926175821,0.390220739
7/4/15,8.3,0.72882821,0.609961875
7/5/15,14.9,1.014472314,9.91725141
7/6/15,1.62,1.672746073,1.905155308
7/7/15,2.02,1.644568495,1.349730114
7/8/15,6.91,1.375689286,2.089439275
7/9/15,0.1,1.181041967,1.685897015
7/10/15,2.28,0.695836769,1.382826738
7/11/15,1.79,0.513323483,1.273985081
7/12/15,19.73,0.786938224,9.496580175
7/13/15,0.1,2.798373576,3.009852109
7/14/15,0,2.23091276,1.276395728
7/15/15,1.47,1.044493477,1.01959781
7/16/15,1.19,0.586889503,1.174005294
7/17/15,0,0.874578543,0.730713173
7/18/15,6.43,0.508847003,1.001000633
7/19/15,0.54,1.522182048,1.48489131
7/20/15,0.76,1.749645964,0.69321193
7/21/15,3.83,0.975786151,0.585600726
7/22/15,11.02,0.663674507,4.056409438
7/23/15,8.04,0.905671642,5.979794742
7/24/15,0,1.70546444,1.575049232
7/25/15,0.1,1.705506823,1.200192481
7/26/15,0.92,0.518446056,1.032945791
7/27/15,5.28,0.513359556,1.109707914
7/28/15,3.84,0.796720905,2.403829045
7/29/15,2.16,0.636487569,1.387194944
7/30/15,7.13,0.583866989,4.414091581
7/31/15,2.98,0.594720143,4.301371998
8/1/15,0.62,1.022480864,1.512670811
8/2/15,0.36,1.092688848,1.183100103
8/3/15,0,1.360262879,0.977929163
8/4/15,0,0.808041529,0.796097097
8/5/15,0.49,0.792903441,0.720595209
8/6/15,0,1.160597853,0.668403833
8/7/15,0,1.106188267,0.592508679
8/8/15,0,0.494163878,0.543810272
8/9/15,4.63,0.917822455,0.549147922
8/10/15,0.1,1.18138742,0.67746105
8/11/15,0.39,0.576689271,0.60419288
8/12/15,3.52,1.227759034,0.535671643
8/13/15,0,0.977304451,0.530554595
8/14/15,6.24,0.574966489,0.632817905
8/15/15,0.82,0.379209746,1.250145
8/16/15,0.1,0.712976002,1.026709699
8/17/15,0,0.91989231,0.786998125
8/18/15,0,1.525403216,0.611646763
8/19/15,0.1,0.455158908,0.56032556
8/20/15,0.1,0.518458683,0.519872141
8/21/15,0,0.743008331,0.474406723
8/22/15,0,0.552918567,0.435331712
8/23/15,0,0.391596915,0.405112604
8/24/15,0.53,0.178923371,0.383066212
8/25/15,0.82,0.29681096,0.408612962
8/26/15,0,0.449133613,0.391095395
8/27/15,0,0.287588796,0.386707763
8/28/15,1.02,0.202016873,0.368008317
8/29/15,1.97,0.196386111,0.413356232
8/30/15,0.52,0.303267593,0.494985111
8/31/15,0.2,0.24393546,0.486816926
9/1/15,6.51,0.357153426,0.690999866
9/2/15,0.8,0.577396251,1.229087956
9/3/15,0,1.368972684,0.989747322
9/4/15,0.2,0.981058687,0.758765475
9/5/15,1.36,0.645727171,0.654317013
9/6/15,3.01,0.538076264,0.661836406
9/7/15,2.07,0.850401167,0.833800296
9/8/15,0,1.131049229,0.697120548
9/9/15,0,1.743172927,0.380143011
9/10/15,0,1.180824126,0.281761916
9/11/15,0,0.593252002,0.230421151
9/12/15,0,0.578471981,0.196275177
9/13/15,0,0.439268567,0.157918098
9/14/15,0,0.253801009,0.135953054
9/15/15,0,0.168160349,0.117239635
9/16/15,0,0.061714693,0.115598922
9/17/15,1.48,0.423470216,0.113253625
9/18/15,1.03,0.304326559,0.133703146
9/19/15,0,0.278664155,0.120767007
9/20/15,1.13,0.252409591,0.123369785
9/21/15,0,0.463925384,0.119273443
9/22/15,0,0.466777379,0.099748837
9/23/15,0.61,0.271392729,0.094822986
9/24/15,0,0.317336061,0.088907649
9/25/15,0,0.158851278,0.08130329
9/26/15,0.1,0.172436484,0.072045859
9/27/15,0,0.218629317,0.047672109
9/28/15,0.1,0.152643381,0.041098745
9/29/15,0,0.240292016,0.040023713
9/30/15,3.7,0.990339795,0.037467175
10/1/15,0,0.796242905,0.046380294
10/2/15,0,0.507344432,0.038435764
10/3/15,1.69,0.265465207,0.036805037
10/4/15,14.72,0.840579949,0.166481408
10/5/15,2.24,1.299424909,0.269238316
10/6/15,1,1.28912704,0.128591722
10/7/15,0,1.325829362,0.079935053
10/8/15,0,1.757149229,0.062784329
10/9/15,0,1.106724211,0.09957539
10/10/15,5.83,0.961687551,0.193715771
10/11/15,0.17,1.338244027,0.214401674
10/12/15,4.95,1.113354674,0.229610099
10/13/15,12.32,1.743433852,0.627054257
10/14/15,1.45,1.581546317,1.557552959
10/15/15,11.99,2.154190753,1.632638672
10/16/15,2.22,1.385087668,2.662278762
10/17/15,0.61,0.696410349,1.090968214
10/18/15,11.06,0.745128248,2.710363173
10/19/15,2.06,0.837874577,2.811339586
10/20/15,0,1.847670345,2.183235239
10/21/15,0,1.788323505,1.298604188
10/22/15,0.45,1.040872951,0.981102784
10/23/15,3.78,1.685359096,0.980869258
10/24/15,1.68,1.486251581,0.955499625
10/25/15,0.76,0.562374887,0.887468184
10/26/15,1.98,1.478965131,0.840207861
10/27/15,0,0.644253115,0.746064848
10/28/15,0.1,0.737271474,0.652999108
10/29/15,3.38,1.070372081,0.631195564
10/30/15,1.6,1.533246684,0.809716177
10/31/15,0.56,1.088824164,0.632996292
11/1/15,7.96,1.401456857,1.029870392
11/2/15,0,2.166095558,0.786933728
11/3/15,0,1.642563042,0.559169827
11/4/15,0,1.023167295,0.459853971
11/5/15,0,0.667549371,0.433082073
11/6/15,3.65,0.866862124,0.465503247
11/7/15,0.32,0.521582372,0.413028734
11/8/15,0.1,0.617505391,0.301417014
11/9/15,13.42,1.869046397,0.730186243
11/10/15,2.75,1.461822369,1.414539055
11/11/15,0,1.533861749,0.55838565
11/12/15,1.69,0.767037515,0.462983115
11/13/15,0.84,0.949251479,0.438064741
11/14/15,1.27,0.581125148,0.399917098
11/15/15,6.31,1.085258982,0.537467721
11/16/15,4.74,2.008093746,0.641147893
11/17/15,2.56,1.350738075,0.859116026
11/18/15,0.2,1.57383375,0.55578688
11/19/15,0.57,1.355639377,0.406096566
11/20/15,0,1.112197869,0.364478118
11/21/15,4.32,1.597662094,0.312057233
11/22/15,2.2,0.788238989,0.500456313
11/23/15,12.38,1.922501791,1.813192993
11/24/15,5.21,2.218589745,2.031499322
11/25/15,3.02,1.821992717,1.571695269
11/26/15,0,1.253496903,1.166362293
11/27/15,3.01,1.62993061,0.857768758
11/28/15,0.37,1.750551267,0.7349054
11/29/15,0.74,1.156721465,0.541689831
11/30/15,2.64,0.811730529,0.523798265
12/1/15,8.03,0.749152396,1.03051081
12/2/15,0.38,0.869854127,1.113582184
12/3/15,0,2.576573335,0.624823888
12/4/15,0,0.979951483,0.490636102
12/5/15,0,0.774013025,0.449546926
12/6/15,0,0.78417821,0.373485817
12/7/15,0,0.487255428,0.322947259
12/8/15,4.04,1.075607205,0.336939192
12/9/15,0.72,0.894166505,0.354825742
12/10/15,0.1,0.429409946,0.291326598
12/11/15,0,0.586575476,0.249865417
12/12/15,0,0.543979371,0.222572685
12/13/15,1,0.748771978,0.203456377
12/14/15,0.19,0.436424209,0.205025846
12/15/15,5.08,0.740013936,0.267814323
12/16/15,1,0.634019897,0.253483268
12/17/15,0.19,1.119412951,0.221307651
12/18/15,7.69,1.355064916,0.249810408
12/19/15,1.31,0.946017376,0.446827197
12/20/15,0.1,0.745004614,0.283215791
12/21/15,0,1.015406766,0.214653129
12/22/15,0,1.18577051,0.183282362
12/23/15,0.43,0.684631209,0.155544277
12/24/15,0.46,0.501308549,0.11918136
12/25/15,2.29,0.844810152,0.088227313
12/26/15,6.42,1.077292987,0.145736497
12/27/15,0.44,1.513483482,0.231613334
12/28/15,0.74,0.878476328,0.111666238
12/29/15,0,0.716850007,0.106052319
12/30/15,1.33,0.708375986,0.102643023
12/31/15,1.38,1.20922913,0.114497194
1/1/16,0.1,1.322641759,0.09280788
1/2/16,2.54,1.033413183,0.08924087
1/3/16,0.07,1.180768932,0.087745097
1/4/16,0,0.839035003,0.070032341
1/5/16,0.32,0.690784408,0.068257705
1/6/16,0.29,0.388007676,0.068132415
1/7/16,0.29,0.386588219,0.069172374
1/8/16,28.58,1.988093104,3.815569494
1/9/16,2.83,2.185620783,1.674299421
1/10/16,1.25,1.725614546,0.431920269
1/11/16,1.1,0.990456879,0.284913847
1/12/16,3.19,1.273852266,0.299562815
1/13/16,2.21,1.244726536,0.416231239
1/14/16,2.74,1.898647995,0.593634475
1/15/16,8.67,2.814991381,0.437427013
1/16/16,0.02,2.006775386,0.672921155
1/17/16,3.17,1.454203345,0.34678426
1/18/16,4.76,1.330310929,0.609358489
1/19/16,4.09,1.402984316,0.720501964
1/20/16,3.2,1.221794807,0.789438402
1/21/16,1.79,0.650276798,0.908084649
1/22/16,0,1.176697023,0.693671725
1/23/16,0,1.900032114,0.482980397
1/24/16,0,1.426295099,0.331143372
1/25/16,0.02,0.926764589,0.269984813
1/26/16,0.1,0.629918976,0.233647868
1/27/16,0,0.461802494,0.216167042
1/28/16,0,0.33683174,0.185369046
1/29/16,2.27,0.629254272,0.171603379
1/30/16,0.64,0.389461262,0.195809915
1/31/16,0.64,0.422129198,0.198160004
2/1/16,0,0.662399594,0.174885484
2/2/16,0.1,0.447908242,0.14761753
2/3/16,4.13,0.573143766,0.214319646
2/4/16,9.11,0.992026896,0.529401464
2/5/16,0.12,2.21516272,0.544068111
2/6/16,0.68,1.049191615,0.209132131
2/7/16,1.29,0.735294462,0.188767984
2/8/16,16.95,0.873200244,1.085247754
2/9/16,19.52,0.86225692,11.12712468
2/10/16,9.88,1.132570632,5.259663828
2/11/16,16.35,1.091160397,9.775755941
2/12/16,0.07,1.228983372,2.811709436
2/13/16,0,1.52880509,1.618911894
2/14/16,0.1,1.164618011,1.124843778
2/15/16,0.75,0.760233698,0.877927092
2/16/16,4.47,1.023844558,0.93563377
2/17/16,2.99,0.93853056,1.077704075
2/18/16,0.02,1.380587801,0.922123928
2/19/16,0.72,1.150307475,0.6449541
2/20/16,0.34,0.724614243,0.568952662
2/21/16,0.1,0.852516516,0.506760783
2/22/16,1.03,0.5,0.481129528
2/23/16,4.08,0.5,0.596153801
2/24/16,3.96,0.5,0.981479803
2/25/16,1.42,0.5,0.757855101
2/26/16,2.25,0.5,0.69131557
2/27/16,0.17,0.044904907,0.670805652
2/28/16,1.63,0.5,0.534033356
2/29/16,8.95,0.5,1.529335132
3/1/16,2.51,0.5,1.788666807
3/2/16,0.92,0.5,1.12131751
3/3/16,1.69,0.5,0.966360765
3/4/16,6.6,0.5,1.406538091
3/5/16,5.64,0.5,2.159405979
3/6/16,9.43,0.5,4.40141675
3/7/16,3.06,0.5,3.776453366
3/8/16,2.85,0.5,2.527624368
3/9/16,9.48,0.5,3.437262124
3/10/16,17.89,0.5,17.05163951
3/11/16,0.18,0.5,2.453114637
3/12/16,10.28,1.76378856,4.130915728
3/13/16,8.9,1.424561807,7.641585563
3/14/16,0,1.286438406,2.246244364
3/15/16,4.22,1.280423835,1.982891083
3/16/16,13.17,1.052791824,7.097972734
3/17/16,7.08,1.012286307,5.148417811
3/18/16,7.98,1.207963083,6.558956018
3/19/16,5.73,1.072885748,5.455068678
3/20/16,3.5,0.995121868,3.716935475
3/21/16,6.75,1.103343545,3.869072372
3/22/16,0.44,1.367161932,3.229894481
3/23/16,0.47,0.564773024,2.226439683
3/24/16,0.86,0.915032253,1.936344914
3/25/16,0.7,1.540887738,1.521365799
3/26/16,1.75,0.629739579,1.228117531
3/27/16,0.22,1.248267836,0.944622272
3/28/16,2.09,1.142890451,0.844085602
3/29/16,1.58,1.653527333,0.885809648
3/30/16,8.86,1.206261381,1.728157328
3/31/16,3.78,1.572791259,1.486308956
4/1/16,15.82,1.502797195,6.872768371
4/2/16,3.92,1.620375141,2.899873762
4/3/16,13.49,1.657772689,8.501015307
4/4/16,1.03,1.531055987,1.752437642
4/5/16,6.72,1.833770671,2.60577091
4/6/16,4.17,1.612817231,1.560459785
4/7/16,7.07,1.103786703,3.224106412
4/8/16,2.91,1.262179388,2.000413779
4/9/16,8.28,1.08465008,4.130457599
4/10/16,6.95,1.911008555,3.612915994
4/11/16,0.79,1.947301098,2.438245115
4/12/16,8.52,1.52439348,3.476502163
4/13/16,2.18,1.877642613,2.60847658
4/14/16,8.35,2.712732773,3.505459023
4/15/16,4.36,1.944115578,1.595239144
4/16/16,11.28,1.812026113,3.981408278
4/17/16,12.91,0.962548507,8.155449956
4/18/16,4.21,0.918173437,3.406440746
4/19/16,5.67,0.94548661,3.611128661
4/20/16,0.07,1.42597495,2.105573008
4/21/16,0.53,1.456509841,1.53135137
4/22/16,4.89,0.982449371,1.732700863
4/23/16,1.88,1.087547761,1.44322631
4/24/16,6.84,1.916455462,1.651794759
4/25/16,6.49,2.937007213,1.629080424
4/26/16,4.58,2.068579312,2.438488967
4/27/16,1.3,2.016621174,1.780759364
4/28/16,12.73,1.936064888,6.611352887
4/29/16,0.02,1.527403867,2.471190128
4/30/16,0.22,1.22041866,2.166735227
5/1/16,0.39,1.227574448,2.350837032
5/2/16,0.02,1.413548608,2.162672998
5/3/16,0,0.667393567,1.514256071
5/4/16,0.14,0.36760233,1.303197838
5/5/16,0.18,0.276894615,1.678585869
5/6/16,0.58,0.320203547,2.839752545
5/7/16,0.54,0.399889085,3.243231517
5/8/16,0.22,0.422694267,2.999560676
5/9/16,0.77,0.383505448,4.034833375
5/10/16,4.41,1.015594892,4.897754853
5/11/16,0.17,0.884607471,4.536081444
5/12/16,1.23,0.943336582,3.206171021
5/13/16,1.65,0.615695191,3.160993594
5/14/16,7.84,0.551770153,4.177754439
5/15/16,1.09,0.975701035,4.009899224
5/16/16,11.84,0.734928822,8.538422856
5/17/16,3.76,0.854202118,6.679226459
5/18/16,0.26,1.955898213,6.599299182
5/19/16,0,1.617103058,4.566868644
5/20/16,2.35,0.661923386,3.730813452
5/21/16,0.2,1.143972209,2.799480059
5/22/16,5.82,0.9633961,3.168062728
5/23/16,0.69,1.135176589,4.09555225
5/24/16,11.75,1.00340959,4.964850779
5/25/16,7.24,0.868870817,8.9043461
5/26/16,0,2.520376389,6.124746827
5/27/16,0,1.921604303,5.084931346
5/28/16,1.92,1.116418874,3.571995587
5/29/16,1.27,0.787801909,4.445726372
5/30/16,13,2.523373371,6.996168698
5/31/16,0.66,1.872451925,6.204123854
6/1/16,1.03,1.014311011,3.408321573
6/2/16,10.1,1.392943309,5.303392812
6/3/16,11.28,1.652282577,7.606126783
6/4/16,6,1.949600844,7.967659391
6/5/16,7.79,2.231189136,8.676511191
6/6/16,2.83,1.666807204,8.706884368
6/7/16,0.31,1.683838109,7.059545434
6/8/16,4.65,0.901387867,5.682142029
6/9/16,0,1.078916939,4.037901395
6/10/16,0,1.03708109,3.439186517
6/11/16,2.3,0.906065457,2.131259838
6/12/16,25.99,0.711168573,17.02007425
6/13/16,23.9,0.691032235,28.43250141
6/14/16,0.5,2.067996713,8.651951765
6/15/16,2.17,0.606457293,5.076516735
6/16/16,3.77,0.421442403,5.033939491
6/17/16,2.98,0.617886745,5.757715581
6/18/16,6.69,0.4,7.961787962
6/19/16,11.86,0.4,10.05991775
6/20/16,14.45,0.4,20.25157154
6/21/16,4.4,0.4,11.83091219
6/22/16,7.39,0.4,9.623297344
6/23/16,22.55,0.4,25.02085737
6/24/16,4.17,0.4,11.18298056
6/25/16,3.83,0.4,8.120511683
6/26/16,0.79,0.4,6.81452618
6/27/16,0.41,0.049213158,5.662329384
6/28/16,5.56,0.4,5.122144909
6/29/16,2.12,0.4,7.247767354
6/30/16,0,0.4,5.025062811
7/1/16,0,0.4,3.694273635
7/2/16,2.82,0.133079085,2.969118886
7/3/16,0.32,0.4,3.703622182
7/4/16,0,0.4,2.735511297
7/5/16,0,0,1.785700751
7/6/16,0,0,1.272079491
7/7/16,0.6,0.1,1.279857933
7/8/16,0.33,0.038876056,1.162656301
7/9/16,1.92,0.287329252,1.18148649
7/10/16,1.74,0.376820732,1.350341703
7/11/16,0.6,0.1,1.181508535
7/12/16,1.4,0.1,1.150483583
7/13/16,0.83,0.1,1.211789074
7/14/16,1.2,0.1,1.510370935
7/15/16,0.02,0.1,1.208948743
7/16/16,0,0.1,1.117486393
7/17/16,4.46,0.26181433,1.236710606
7/18/16,0.28,0.1,2.153699569
7/19/16,2.03,0.215126003,1.31221567
7/20/16,4.44,0.1,4.32436029
7/21/16,0.14,0.1,2.408155367
7/22/16,0.22,0.1,1.499965921
7/23/16,0,0.1,1.462728733
7/24/16,0,0.1,1.41274589
7/25/16,0,0.1,1.335833305
7/26/16,0.24,0.042894435,1.085971835
7/27/16,5.01,0.354399559,1.423974479
7/28/16,1.67,0.1,3.179055782
7/29/16,6.12,0.1,1.624513501
7/30/16,6.06,0.1,2.57143764
7/31/16,2.93,0.1,2.175144178
8/1/16,0,0.1,1.503196094
8/2/16,0,0.1,1.16394081
8/3/16,0.1,0.006765164,0.916974078
8/4/16,0.02,0.015299788,0.795173707
8/5/16,0,0.02223643,0.641889692
8/6/16,0,0.018933339,0.50844236
8/7/16,1.77,0.134544783,0.52698507
8/8/16,0.92,0.195539508,0.573858746
8/9/16,0,0.310374961,0.478265337
8/10/16,1.24,0.692563751,0.377792234
8/11/16,1.65,0.475348901,0.384881263
8/12/16,1.28,0.684561752,0.427316493
8/13/16,0,1.176791575,0.316208679
8/14/16,0,0.652378333,0.261337753
8/15/16,0,0.351813416,0.224630599
8/16/16,0.53,0.213178091,0.239464679
8/17/16,0.69,0.3253187,0.245414867
8/18/16,2.51,0.35370517,0.299836053
8/19/16,0,0.423141021,0.271718952
8/20/16,0,0.734734903,0.224617091
8/21/16,1.53,0.995642729,0.181223054
8/22/16,4.44,0.408274806,0.290995761
8/23/16,0,1.128042097,0.240512246
8/24/16,0,1.50036273,0.169644164
8/25/16,0,0.828282577,0.144616088
8/26/16,0.8,0.173777295,0.16103896
8/27/16,0,0.653446119,0.159949651
8/28/16,0,0.42844227,0.133986694
8/29/16,0,0.417635242,0.133563167
8/30/16,0,0.219348714,0.135661946
8/31/16,1.61,0.346245243,0.158706182
9/1/16,2.55,0.453195469,0.201988959
9/2/16,0,0.757091192,0.184069054
9/3/16,4.08,1.10189246,0.167910123
9/4/16,1.6,1.487654545,0.192061326
9/5/16,2.08,1.057983974,0.19060563
9/6/16,0,0.887488389,0.189205144
9/7/16,0,0.811396475,0.142114606
9/8/16,0,0.889120692,0.122319244
9/9/16,0,0.48329481,0.111405498
9/10/16,1.09,0.505869064,0.103576324
9/11/16,1.9,0.581330026,0.098133138
9/12/16,0.1,0.691758396,0.077714574
9/13/16,0.86,0.967819553,0.073495369
9/14/16,6.73,1.662849029,0.0822105
9/15/16,7.9,1.935575799,0.3284484
9/16/16,0.83,1.750115853,0.237761074
9/17/16,1.47,1.32587511,0.145524573
9/18/16,0,0.801391759,0.112611621
9/19/16,3.23,0.49208206,0.102036605
9/20/16,0.82,0.563933347,0.123474366
9/21/16,0,1.077439553,0.08961368
9/22/16,0,0.72489136,0.064989764
9/23/16,3.49,0.884992617,0.081243705
9/24/16,0.2,0.528951475,0.127938074
9/25/16,2.43,0.642600504,0.113921137
9/26/16,0,1.274672834,0.113341582
9/27/16,0,0.845339314,0.067477095
9/28/16,6.66,0.996338215,0.180525089
9/29/16,0.38,1.371728405,0.192140426
9/30/16,1.12,1.831244136,0.111905808
10/1/16,3.05,1.681560191,0.159792899
10/2/16,0,0.937432466,0.107900291
10/3/16,0.54,0.403069784,0.095297769
10/4/16,7.45,0.655318449,0.298491767
10/5/16,3.44,1.366705871,0.437543436
10/6/16,1.51,1.259247556,0.438514831
10/7/16,0.1,2.00599806,0.280712181
10/8/16,0,1.728064407,0.163608379
10/9/16,0.1,0.81665743,0.124112929
10/10/16,8.17,1.18414699,0.2177358
10/11/16,4.73,1.500427048,0.862079746
10/12/16,1.79,2.002195407,0.598270198
10/13/16,1.47,1.449938819,0.424948248
10/14/16,0,1.386587161,0.337905381
10/15/16,0,1.004668821,0.224419422
10/16/16,17.26,2.680782172,4.862349197
10/17/16,0.94,2.138903085,1.309134398
10/18/16,0.17,1.059545046,0.543576773
10/19/16,0,1.417464141,0.392433239
10/20/16,0,0.79057701,0.284146106
10/21/16,0,0.518248562,0.247413166
10/22/16,0,0.492651244,0.210380447
10/23/16,3.7,1.135627096,0.239163253
10/24/16,0,0.914952763,0.222860175
10/25/16,0,0.588501024,0.162358127
10/26/16,0,0.748428701,0.131886828
10/27/16,0,0.513563869,0.103823201
10/28/16,0,0.176683854,0.093956428
10/29/16,0,0.112759734,0.091026734
10/30/16,0,0.120253599,0.066811888
10/31/16,0,0.084012318,0.055722982
11/1/16,0,0.050991529,0.053520731
11/2/16,0,0.03126702,0.051402893
11/3/16,0.07,0.025363345,0.053985315
11/4/16,2.77,0.406662647,0.054684994
11/5/16,8.63,0.730572058,0.112824177
11/6/16,4.53,1.037942275,0.285662047
11/7/16,0.1,1.343468535,0.142639178
11/8/16,0,1.537554999,0.103304249
11/9/16,4.21,1.976349018,0.091214798
11/10/16,2.23,1.731662091,0.109729432
11/11/16,3.77,1.368473527,0.171964492
11/12/16,1.38,1.950586385,0.117797852
11/13/16,0.59,1.147393541,0.09554412
11/14/16,0,0.782817309,0.076897527
11/15/16,0,1.254476181,0.061434473
11/16/16,0,0.801078196,0.049329328
11/17/16,0,0.418846335,0.043551734
11/18/16,0,0.220118748,0.042683883
11/19/16,0,0.141295768,0.038373842
11/20/16,0,0.098880465,0.031499157
11/21/16,0,0.043798251,0.026078453
11/22/16,0,0.02255672,0.024460707
11/23/16,0,0.008212548,0.02726717
11/24/16,0,0.005130072,0.027850602
11/25/16,0.38,0.096609666,0.029244199
11/26/16,0.19,0.083248842,0.029261138
11/27/16,0,0.086856866,0.028538761
11/28/16,0,0.077935315,0.026092536
11/29/16,2.7,0.441901345,0.02862753
11/30/16,3.44,0.704874853,0.038604364
12/1/16,0.44,0.630224793,0.033926059
12/2/16,0.43,0.598615192,0.034007023
12/3/16,5.19,1.286078802,0.046254256
12/4/16,0.26,1.36197352,0.052694459
12/5/16,0.44,1.370614547,0.039402186
12/6/16,0.63,0.825748907,0.037817198
12/7/16,3.19,1.3586804,0.037940877
12/8/16,6.96,2.201464299,0.106382615
12/9/16,2.29,1.547973309,0.085887444
12/10/16,0.61,1.203537037,0.065486008
12/11/16,0,1.350718022,0.05284356
12/12/16,0,0.775875502,0.044698069
12/13/16,0,0.76952798,0.038573699
12/14/16,7.97,1.723263266,0.037764863
12/15/16,4.27,1.166062856,0.112990127
12/16/16,14.99,1.229308779,0.581384993
12/17/16,0,1.695747371,0.487139421
12/18/16,1.44,1.983838238,0.178323717
12/19/16,0.16,1.377137166,0.13086971
12/20/16,2.23,1.395492348,0.110015434
12/21/16,0,1.157217136,0.106196467
12/22/16,1.47,0.971600291,0.093786407
12/23/16,0.1,1.192630207,0.084365922
12/24/16,7.15,1.38281311,0.09497319
12/25/16,6.01,2.247243532,0.184205616
12/26/16,7.55,2.040789065,1.016693765
12/27/16,1.24,1.593895122,0.449713372
12/28/16,8.83,2.026330984,0.543347927
12/29/16,0.12,2.472147513,0.546898163
12/30/16,3.15,1.619794312,0.291291713
12/31/16,0.81,1.589729004,0.242877971
1/1/17,10.68,1.544634522,0.45281621
1/2/17,0.91,1.463985267,0.709220801
1/3/17,0,1.70688347,0.364998588
1/4/17,2.08,1.590219176,0.251981983
1/5/17,12.34,1.354618908,0.991142973
1/6/17,2.42,1.222706012,1.516692796
1/7/17,7.99,1.779312283,1.220467531
1/8/17,3.81,2.047452896,1.452699821
1/9/17,5.91,1.722685354,1.691126912
1/10/17,21.35,1.361798227,8.806862454
1/11/17,9.84,1.787343153,4.022811521
1/12/17,3.04,2.202998913,2.738099195
1/13/17,3.62,1.308115135,1.759645194
1/14/17,17.56,1.947310565,5.136714568
1/15/17,9.89,1.572661784,8.747661893
1/16/17,0,1.862703625,2.098381362
1/17/17,0,2.409043006,1.426564872
1/18/17,0,1.877668471,0.933803189
1/19/17,0,0.872835804,0.628520613
1/20/17,10.28,1.089068476,0.796541325
1/21/17,0.99,0.870412946,1.283385931
1/22/17,11.34,1.832864242,2.330815709
1/23/17,0,3.313478609,1.309639034
1/24/17,0,1.990461758,0.694373033
1/25/17,0,0.615652259,0.531018312
1/26/17,0,0.311793926,0.46051109
1/27/17,3.03,0.331197541,0.503961795
1/28/17,15.18,0.869004446,3.037256769
1/29/17,1.52,0.86508443,2.27658836
1/30/17,3.55,1.215821787,1.561759246
1/31/17,5.29,2.049963333,1.496521864
2/1/17,4.1,1.675633866,1.551658797
2/2/17,2.66,1.714377569,1.588653346
2/3/17,5.75,1.529882339,1.599680034
2/4/17,0.96,1.695045239,1.613892464
2/5/17,0.73,0.734932982,1.179233956
2/6/17,0.89,0.624218662,0.989652724
2/7/17,0.7,0.664551798,0.883188334
2/8/17,0,1.300229244,0.689036748
2/9/17,5.8,1.828000464,0.539278595
2/10/17,4.58,1.478986386,1.00509584
2/11/17,1.87,1.030270507,1.034788664
2/12/17,0.02,1.406389199,0.765705369
2/13/17,0,1.716593518,0.531533648
2/14/17,0,0.731907186,0.408939658
2/15/17,5.28,1.362670843,0.514376341
2/16/17,9.78,1.705901198,1.306423503
2/17/17,0,1.473774011,1.187909114
2/18/17,0,1.254304636,0.634897327
2/19/17,0,1.565327682,0.494761003
2/20/17,1.92,0.819561795,0.452093712
2/21/17,4.44,1.248791556,0.44907072
2/22/17,17.88,1.080678709,4.45809177
2/23/17,1.73,1.795829443,1.811822949
2/24/17,15.64,1.699821426,5.603812221
2/25/17,15.43,1.608035982,8.310131083
2/26/17,20.14,1.254294522,11.65095032
2/27/17,1.54,1.597788988,4.456573637
2/28/17,4.1,1.820327735,2.662700483
3/1/17,13.55,1.243425544,5.491950913
3/2/17,3.96,1.865049484,3.748062506
3/3/17,0.67,1.079433526,2.314038605
3/4/17,1.04,1.009750117,1.685375801
3/5/17,0,1.23321756,1.409452302
3/6/17,8.48,1.546034189,1.701134234
3/7/17,2.38,1.498003731,1.563987711
3/8/17,7.88,1.906405202,1.686536183
3/9/17,7.53,1.230310934,2.975371382
3/10/17,19.91,2.178213943,8.603525434
3/11/17,3.58,1.622422198,3.932368994
3/12/17,1.56,1.530442196,2.317486285
3/13/17,11.26,2.114118354,2.428831121
3/14/17,30.63,1.268915721,17.88996838
3/15/17,13.5,2.019249335,10.69655387
3/16/17,5.69,2.070510007,4.212904306
3/17/17,3.88,1.356693606,3.854488949
3/18/17,2.37,1.675226036,2.45856879
3/19/17,7.02,1.401861583,2.890822574
3/20/17,3.17,1.897524129,2.550255868
3/21/17,2.92,1.523547101,1.910746631
3/22/17,4.21,1.233958869,1.870286858
3/23/17,5.82,2.334444293,1.88780649
3/24/17,9.21,1.903623513,4.078292628
3/25/17,3.33,2.463237129,2.075924626
3/26/17,15.16,1.77348227,6.055207521
3/27/17,1,1.171696372,2.543889162
3/28/17,3.71,1.596660917,2.004607578
3/29/17,17.71,1.558716785,5.926153709
3/30/17,1.63,1.765105254,3.590826035
3/31/17,9,1.077812834,4.598651591
4/1/17,1.26,1.631292685,2.833922261
4/2/17,0,1.756331282,1.832539121
4/3/17,3.8,1.862113432,1.479959625
4/4/17,0.09,1.40204613,1.440648081
4/5/17,0,0.934204048,1.01093045
4/6/17,0.17,0.53431672,0.811105219
4/7/17,5.97,1.087496123,0.983563965
4/8/17,2.46,1.251180795,1.020064774
4/9/17,6.57,1.804609354,0.998441203
4/10/17,17.5,2.335887661,4.037136989
4/11/17,4.57,2.19554143,5.530333433
4/12/17,4.83,1.768769731,1.816567338
4/13/17,13.76,1.019691197,4.785871441
4/14/17,9.29,1.186842166,5.451338852
4/15/17,1.59,1.195386328,3.728732794
4/16/17,1.21,0.860059047,2.185289026
4/17/17,0,1.31499105,1.628855378
4/18/17,3.36,1.657244291,1.46671227
4/19/17,11.66,1.560272584,2.525662793
4/20/17,25.85,1.805666399,14.61006298
4/21/17,2.17,1.729847495,3.88642166
4/22/17,3.12,2.189142971,2.459492677
4/23/17,2.15,1.724690694,1.814703675
4/24/17,0,1.189499944,1.546203574
4/25/17,4.54,1.826514035,1.619388464
4/26/17,10.67,1.720694828,1.883519062
4/27/17,1.01,1.792792562,1.6408954
4/28/17,0.29,0.845242448,1.248710931
4/29/17,6.18,1.142162014,1.041528363
4/30/17,20.66,0.850958778,11.35282006
5/1/17,0.12,1.046866902,2.668710727
5/2/17,1.21,1.64624311,1.862189599
5/3/17,0.27,1.156590495,1.449619056
5/4/17,4.13,1.146291234,1.543880741
5/5/17,6.19,1.496299745,1.750449732
5/6/17,6.94,1.627792126,2.045085224
5/7/17,6.05,1.899262906,2.609578259
5/8/17,4.43,1.809806406,2.122500448
5/9/17,0.49,1.49179641,1.882057752
5/10/17,3.46,1.253383254,1.641072257
5/11/17,9.34,1.689678396,2.598734643
5/12/17,6.05,1.668631802,2.430985026
5/13/17,1.74,1.551841624,2.174976314
5/14/17,27.71,1.038135282,13.31553344
5/15/17,10.54,1.450347274,4.819629231
5/16/17,1.5,1.999155706,3.290775889
5/17/17,2.09,1.490927273,2.278292804
5/18/17,0.28,1.828647735,1.692094864
5/19/17,1.61,1.208989992,1.367793137
5/20/17,0.21,0.7257048,1.221629694
5/21/17,2.5,1.107369339,0.984009051
5/22/17,5.88,1.124221524,1.423887628
5/23/17,0,0.992901832,1.232367569
5/24/17,0.41,0.747917091,0.815878567
5/25/17,4.25,1.294817154,0.728870204
5/26/17,7.21,1.105089703,2.024675089